custom_id,task_name,how,slug,category_name,named_source,source_real,votes,confidence
cn-all-remaining-0001-786f6572,优购女鞋 · 小程序PRD,分类,product-management-software,Product Management Software,,no,2/3,0.37
cn-all-remaining-0002-04d42ced,二次元卡牌游戏通行证系统策划案,分类,x-game-liveops-console,Game Engine Editor / LiveOps Admin Console — 游戏内容编辑器或运营后台,,yes,3/3,0.5
cn-all-remaining-0003-753d9f01,AR眼动追踪VGA传感器微型镜头规格书设计项目,分类,cad-libraries,CAD Libraries,,yes,1/3,0.42
cn-all-remaining-0004-4cdb03e3,旧工业遗存城市更新改造项目综合策划与方案论证,分类,x-regulatory-registry,Regulatory Registry / Compliance Filing Database — 备案与合规申报检索库,,yes,3/3,0.53
cn-all-remaining-0005-c20d1c2e,戴尔笔记本PMP广告投放效果复盘与优化分析,分类,demand-side-platform-dsp,Demand Side Platform (DSP),,yes,3/3,0.63
cn-all-remaining-0006-9effbd05,汽车零部件制造企业5月生产成本明细核算及降本方案报告编制任务,分类,manufacturing-execution-system,Manufacturing Execution System (MES) Software,,yes,2/3,0.58
cn-all-remaining-0007-05d253cc,食品饮料行业月度研判、公司估值与投资观点输出任务,分类,financial-research,Financial Research Software,,yes,3/3,0.57
cn-all-remaining-0008-8a350880,多空动量策略历史回测,分类,financial-data-apis,Financial Data APIs,,yes,3/3,0.7
cn-all-remaining-0009-3a0514d6,financial_report_risk_warning,分类,financial-risk-management,Financial Risk Management Software,,no,2/3,0.43
cn-all-remaining-0010-01d05df5,基于 Jetson Orin NX Super 的四摄像头麦克纳姆轮小车车端运行栈开发,分类,iot-development-tools,IoT Development Tools,,yes,3/3,0.37
cn-all-remaining-0011-972a6a8b,基于机器学习势函数与 VASPKIT 能量-应变法的晶体材料弹性模量计算项目开发,分类,x-materials-property-database,Materials Property Database — 材料结构与性质检索库,,yes,2/3,0.67
cn-all-remaining-0016-0cee6d6b,绿氨合成的热力学平衡分析与操作窗口优化,分类,x-materials-property-database,Materials Property Database — 材料结构与性质检索库,,yes,3/3,0.55
cn-all-remaining-0017-e3ac6e4a,钢铁表面缺陷检测与质量评估,分类,x-research-dataset-repository,Research Dataset Repository — 公开数据集下载页与元数据,,yes,3/3,0.88
cn-all-remaining-0018-920bd0dc,丽江某房地产项目前期方案策划与分析,分类,urban-planning-and-design,Urban Planning and Design Software,,yes,3/3,0.48
cn-all-remaining-0019-034c6ce9,匿名化产品级贸易面板上的出口管制政策评估：从缺陷原始数据到可复现的因果推断交付件,分类,x-government-statistics-portal,Government Statistics / Open Data Portal — 官方统计与开放数据查询,,no,2/3,0.43
cn-all-remaining-0020-aa2698d8,基于脱敏企业产品台账的出口管制暴露识别与供应链风险分级。,分类,trade-compliance,Trade Compliance,,no,2/3,0.52
cn-all-remaining-0021-e1224663,受制裁主体交易对手筛查与所有权穿透判定：从别名噪声与股权登记到可复核的阻断决定,分类,anti-money-laundering,Anti-Money Laundering Software,,no,3/3,0.48
cn-all-remaining-0025-ed678805,球罐设计变更修订——湿硫化氢工况材质替代,分类,mechanical-computer-aided-design-mcad,Mechanical Computer-aided Design (MCAD) Software,,yes,2/3,0.4
cn-all-remaining-0027-bfeb6744,球罐强度校核计算书复现——球罐开孔补强与支柱强度校核,分类,mechanical-computer-aided-design-mcad,Mechanical Computer-aided Design (MCAD) Software,,yes,2/3,0.4
cn-all-remaining-0028-a77c10ac,面向用户的围棋对战客户端与基于 MCTS 的简单人机模式开发,分类,game-development,Game Development Software,,no,3/3,0.4
cn-all-remaining-0029-e2d81865,样品结构鉴定（NMR）,分类,lims,LIMS Software,,yes,2/3,0.45
cn-all-remaining-0033-aca86d82,垂直 DAS 微震震源入射路径校正,分类,x-seismic-waveform-data-center,Seismic Waveform Data Center — 台站波形与事件目录检索,,yes,2/3,0.42
cn-all-remaining-0035-880f8bef,国内与国际危险品运输规则协同分析,分类,trade-compliance,Trade Compliance,,yes,2/3,0.42
cn-all-remaining-0036-45b77900,短跑起跑后第一步外部推进与第二至第三步衔接的双向闭合、分组反证与跨扰动迁移分析,分类,x-motion-capture-biomechanics-lab,Motion Capture / Biomechanics Lab Software — 动捕采集与肌骨建模工作流,,yes,3/3,0.58
cn-all-remaining-0037-7d5ccda9,预制钢筋可拼接下料模拟退火算法设计与生产方案导出,分类,production-management,Production Management Software,,yes,2/3,0.43
cn-all-remaining-0038-0e6dcacf,明挖基坑有无加固工况数值模拟分析,分类,civil-engineering-design,Civil Engineering Design Software,,unsure,3/3,0.47
cn-all-remaining-0039-eaf07265,面向无人机蜂群对抗的智能任务分配算法设计与实现,分类,robotic-simulation-software,Robotic Simulation Software,,unsure,3/3,0.4
cn-all-remaining-0040-333737ca,二维井间地震首波走时层析成像与异常体恢复,分类,x-research-dataset-repository,Research Dataset Repository — 公开数据集下载页与元数据,,yes,3/3,0.75
cn-all-remaining-0042-7d1cdb25,游戏模型资产贴图过暗渲染修复,分类,game-development,Game Development Software,,yes,2/3,0.5
cn-all-remaining-0043-bf5fc64f,2023—2025 中国宠物食品行业、竞品与小红书营销研究,分类,market-research-services,Market Research Companies,,yes,2/3,0.55
cn-all-remaining-0044-cf1dd46c,服务小程序适老化无障碍验收,分类,digital-accessibility-tools,Digital Accessibility Tools,,yes,2/3,0.57
cn-all-remaining-0045-5cf73d18,球罐设计文件校审与图纸修正,分类,mechanical-computer-aided-design-mcad,Mechanical Computer-aided Design (MCAD) Software,,yes,3/3,0.75
cn-all-remaining-0047-0ba8b32b,STM32F407 TR500 移动机器人全链路控制可靠性升级、自动化验证与可追溯交付,分类,version-control-hosting,Version Control Hosting Software,,yes,1/3,0.5
cn-all-remaining-0048-20a1803f,Intel RealSense D455 RGB-D 三维目标感知系统可靠性升级、离线部署与自动化验收交付,分类,version-control-hosting,Version Control Hosting Software,,yes,1/3,0.47
cn-all-remaining-0049-81912daf,球罐管口方位布置图绘制,分类,mechanical-computer-aided-design-mcad,Mechanical Computer-aided Design (MCAD) Software,,yes,3/3,0.77
cn-all-remaining-0050-80528855,PBPK/CYP3A4药物相互作用风险评估,分类,drug-discovery,Drug Discovery Software,,yes,3/3,0.7
cn-all-remaining-0051-337ba9a8,面向用户的五子棋对战客户端与基于 MCTS 的简单人机模式开发,分类,game-development,Game Development Software,,no,3/3,0.63
cn-all-remaining-0052-d91396d1,外科术前二维 CT 分割与规划训练 Web 工具开发,分类,medical-simulation,Medical Simulation Software,,no,2/3,0.53
cn-all-remaining-0053-cd373ca4,开发可验证的傅里叶变换与 FFT 交互式教学平台,分类,study-tools,Study Tools,,no,3/3,0.52
cn-all-remaining-0054-e21dc9ca,基于 HTML5 Canvas 的像素风坦克大战双人及人机对战客户端开发,分类,game-development,Game Development Software,,no,3/3,0.65
cn-all-remaining-0056-f8c86a19,构建面向物理学家的牛顿迭代物理方程交互求解平台,分类,study-tools,Study Tools,,no,3/3,0.52
cn-all-remaining-0057-9784d630,二维平面连杆机构参数化设计与运动学仿真 GUI 工具开发,分类,mechanical-computer-aided-design-mcad,Mechanical Computer-aided Design (MCAD) Software,,unsure,3/3,0.5
cn-all-remaining-0058-784b7023,面向计算材料物理的 CGCNN 晶体图数据管线复现,分类,x-materials-property-database,Materials Property Database — 材料结构与性质检索库,,yes,3/3,0.67
cn-all-remaining-0059-07202c4b,面向材料性质预测的 CGCNN 门控图卷积网络复现,分类,x-materials-property-database,Materials Property Database — 材料结构与性质检索库,,no,2/3,0.5
cn-all-remaining-0060-4916f260,CGCNN 材料性质回归与分类训练评估流程复现,分类,x-materials-property-database,Materials Property Database — 材料结构与性质检索库,,yes,3/3,0.6
cn-all-remaining-0061-17f616d5,CGCNN 预训练材料性质推理与论文复现边界审计,分类,x-materials-property-database,Materials Property Database — 材料结构与性质检索库,,yes,3/3,0.57
cn-all-remaining-0062-2b5e3ba2,面向凝聚态物理的 D3REAM 全空间晶体描述符与周期晶体图复现,分类,x-materials-property-database,Materials Property Database — 材料结构与性质检索库,,yes,3/3,0.57
cn-all-remaining-0065-5018d030,雪崩 DAS 光缆布设技术评估与试验施工方案,分类,civil-engineering-design,Civil Engineering Design Software,,yes,1/3,0.47
cn-all-remaining-0066-a535bec7,测井数据处理自动化,分类,geology-and-seismic,Geology and Seismic Software,,yes,1/3,0.57
cn-all-remaining-0067-37577e9e,不同到时差计算方法评估,分类,x-seismic-waveform-data-center,Seismic Waveform Data Center — 台站波形与事件目录检索,,unsure,3/3,0.48
cn-all-remaining-0068-c81cc32b,Adult Census 表格数据质量审计,分类,x-research-dataset-repository,Research Dataset Repository — 公开数据集下载页与元数据,,yes,2/3,0.91
cn-all-remaining-0069-0fc51497,团队 PRD 标准化模板及示范文档制作,分类,product-management-software,Product Management Software,,yes,3/3,0.5
cn-all-remaining-0070-65ebea1e,Steam 英文游戏名到国区官方中文名批量匹配与审核工具,分类,game-localization,Game Localization Services,,yes,3/3,0.57
cn-all-remaining-0075-d8b42022,AG News 新闻主题文本分类管道,分类,x-research-dataset-repository,Research Dataset Repository — 公开数据集下载页与元数据,,yes,3/3,0.9
cn-all-remaining-0077-add9ca23,园区道路竣工图缺失横断面与土方表补全,分类,civil-engineering-design,Civil Engineering Design Software,,yes,3/3,0.77
cn-all-remaining-0078-cda23730,园区道路纵断设计成果恢复与逐桩高程复核,分类,civil-engineering-design,Civil Engineering Design Software,,yes,3/3,0.77
cn-all-remaining-0080-d714b92f,现场组焊焊接接头编号布置图与检测、硬度部位图,分类,mechanical-computer-aided-design-mcad,Mechanical Computer-aided Design (MCAD) Software,,yes,3/3,0.6
cn-all-remaining-0081-ba5b245c,story_to_animation_video,分类,ai-video-generators,AI Video Generators,,no,2/3,0.5
cn-all-remaining-0082-9d63781f,面向凝聚态物理结构预测后处理的 AIRSS ​cryan -v​ 加权距离谱描述符复现,分类,x-atomistic-simulation-package,Atomistic / Molecular Simulation Package — 分子动力学与第一性原理计算,,yes,2/3,0.63
cn-all-remaining-0083-33708ca2,固态离子输运冻结骨架势能面网格采样程序复现,分类,x-atomistic-simulation-package,Atomistic / Molecular Simulation Package — 分子动力学与第一性原理计算,,yes,3/3,0.67
cn-all-remaining-0084-e75d9c48,固态离子迁移 level map 与最小渗流能拓扑求解器复现,分类,x-atomistic-simulation-package,Atomistic / Molecular Simulation Package — 分子动力学与第一性原理计算,,yes,3/3,0.58
cn-all-remaining-0085-0e8a8102,固态离子导体 PES fingerprint 自由体积与 Xi 描述符程序复现,分类,x-atomistic-simulation-package,Atomistic / Molecular Simulation Package — 分子动力学与第一性原理计算,,yes,3/3,0.57
cn-all-remaining-0086-8ee22d44,面向超硬材料筛选的 VASPKIT 弹性应变与维氏硬度评估程序实现,分类,x-atomistic-simulation-package,Atomistic / Molecular Simulation Package — 分子动力学与第一性原理计算,,yes,3/3,0.55
cn-all-remaining-0087-92e43f22,基于 D3REAM 思路的 BCN 超硬材料维氏硬度逆向设计程序,分类,x-atomistic-simulation-package,Atomistic / Molecular Simulation Package — 分子动力学与第一性原理计算,,yes,2/3,0.52
cn-all-remaining-0088-743e1e5d,沿井速度建模算法复现及评估,分类,x-research-dataset-repository,Research Dataset Repository — 公开数据集下载页与元数据,,yes,2/3,0.58
cn-all-remaining-0089-ab3b3a3c,精密轴尺寸 SPC、过程能力与异常事件关联分析,分类,quality-management-qms,Quality Management Systems (QMS),,yes,3/3,0.63
cn-all-remaining-0090-ab9a3d0b,中国电动汽车企业进入英国市场行业研究,分类,market-research-services,Market Research Companies,,yes,3/3,0.45
cn-all-remaining-0091-2ce46b58,UE 关卡资源引用清理工具开发,分类,game-engine,Game Engine Software,,yes,2/3,0.53
cn-all-remaining-0092-5dd2fd62,开发ue5使用的Perforce 资源提交前置校验工具,分类,version-control-software,Version Control Software,,yes,3/3,0.58
cn-all-remaining-0093-c2a8c48f,基于现有 STM32H743/X-CUBE-AI 工程的被动声识别错误修复与封存测试验收,分类,x-research-dataset-repository,Research Dataset Repository — 公开数据集下载页与元数据,,yes,1/3,0.48
cn-all-remaining-0100-af640a96,面向计算材料物理的 MEGNet 晶体图转换与巨图批处理复现,分类,x-materials-property-database,Materials Property Database — 材料结构与性质检索库,,yes,3/3,0.5
cn-all-remaining-0101-a74eea92,面向计算材料物理的 MEGNet 图网络层与 Set2Set 读出复现,分类,x-materials-property-database,Materials Property Database — 材料结构与性质检索库,,yes,3/3,0.4
cn-all-remaining-0102-7061cb48,面向计算材料物理的 MEGNetModel 训练、预测与序列化复现,分类,x-materials-property-database,Materials Property Database — 材料结构与性质检索库,,yes,3/3,0.53
cn-all-remaining-0103-2b1a2190,面向计算材料物理的 MEGNet 预训练推理与论文复现边界审计,分类,x-materials-property-database,Materials Property Database — 材料结构与性质检索库,,yes,3/3,0.63
cn-all-remaining-0104-ae919772,基于 MatterSim与D3REAM 的 BCNO 超硬材料维氏硬度逆向设计程序,分类,x-materials-property-database,Materials Property Database — 材料结构与性质检索库,,yes,3/3,0.58
cn-all-remaining-0105-5db0f5ee,基于 MACE 势函数集成的碳超硬材料维氏硬度逆向设计程序,分类,x-materials-property-database,Materials Property Database — 材料结构与性质检索库,,yes,3/3,0.58
cn-all-remaining-0106-e68c357a,基于 MACE 势函数集成的高体模量碳材料逆向设计程序,分类,x-materials-property-database,Materials Property Database — 材料结构与性质检索库,,yes,3/3,0.58
cn-all-remaining-0107-1b8e5538,基于 MACE 势函数集成的高剪切模量碳材料逆向设计程序,分类,x-materials-property-database,Materials Property Database — 材料结构与性质检索库,,yes,3/3,0.58
cn-all-remaining-0108-bf384f35,基于 MACE 势函数集成的高杨氏模量碳材料逆向设计程序,分类,x-materials-property-database,Materials Property Database — 材料结构与性质检索库,,yes,3/3,0.58
cn-all-remaining-0109-4cb28698,SQLite 数据库事务提交修复与账户余额统计,分类,relational-databases,Relational Databases,,no,2/3,0.53
cn-all-remaining-0111-21b42612,M3GNet 径向与三体基函数数值模块复现,分类,x-atomistic-simulation-package,Atomistic / Molecular Simulation Package — 分子动力学与第一性原理计算,,no,3/3,0.53
cn-all-remaining-0113-7d680a14,人形机器人一体化线性执行器（反转式行星滚柱丝杠构型）结构设计与多物理场校核任务,分类,mechanical-computer-aided-design-mcad,Mechanical Computer-aided Design (MCAD) Software,,yes,3/3,0.63
cn-all-remaining-0114-a85885be,中国微水洗澡机行业研究与商业化方案,分类,market-research-services,Market Research Companies,,no,3/3,0.43
cn-all-remaining-0115-4e5886bd,多视图图像拼接、质量评估与批处理验收工具,分类,photogrammetry,Photogrammetry Software,,yes,3/3,0.4
cn-all-remaining-0116-1362f053,高级视频车道线检测、时序稳定与质量评估系统,分类,version-control-hosting,Version Control Hosting Software,,yes,3/3,0.57
cn-all-remaining-0118-3dc7cdd7,井下 DAS 波场可视化与 P/S 波拾取交互校核工具,分类,x-seismic-processing-workstation,Seismic Interpretation / Processing Workstation — 道集处理与解释,,yes,2/3,0.5
cn-all-remaining-0121-037801b0,垂直DAS双事件双差到时二维震源定位,分类,x-seismic-processing-workstation,Seismic Interpretation / Processing Workstation — 道集处理与解释,,unsure,2/3,0.42
cn-all-remaining-0123-656e26a4,竣工图册结构化重构与受控出图,分类,civil-engineering-design,Civil Engineering Design Software,,yes,3/3,0.62
cn-all-remaining-0124-30d49720,城市次干路交通安全设施设计与出图,分类,civil-engineering-design,Civil Engineering Design Software,,yes,3/3,0.62
cn-all-remaining-0125-86fa09c7,球罐附属平台盘梯钢结构专项设计,分类,mechanical-computer-aided-design-mcad,Mechanical Computer-aided Design (MCAD) Software,,yes,2/3,0.53
cn-all-remaining-0126-67b61a90,市政道路工程竣工结算审核,分类,construction-estimating-software,Construction Estimating Software,,yes,3/3,0.55
cn-all-remaining-0128-db79712b,交通标志标线图表一致性整改,分类,civil-engineering-design,Civil Engineering Design Software,,yes,3/3,0.62
cn-all-remaining-0129-cfec2dd0,两处交叉口渠化施工图及车道拓扑重建,分类,civil-engineering-design,Civil Engineering Design Software,,yes,3/3,0.62
cn-all-remaining-0130-7dc96439,交通标志版面及支撑结构详图重建,分类,civil-engineering-design,Civil Engineering Design Software,,yes,3/3,0.58
cn-all-remaining-0136-025708d5,MNIST 手写数字识别管道,分类,x-research-dataset-repository,Research Dataset Repository — 公开数据集下载页与元数据,,yes,3/3,0.93
cn-all-remaining-0140-b00e71e8,短跑起跑加速期派生支撑窗口触地足位与躯干抬升演进判定,分类,x-motion-capture-biomechanics-lab,Motion Capture / Biomechanics Lab Software — 动捕采集与肌骨建模工作流,,yes,3/3,0.87
cn-all-remaining-0141-b2af36d4,地热井连续 DAS 信号特征分析与可靠沿井速度剖面反演,分类,x-test-bench-daq,Test Bench / Data Acquisition Software — 台架试验的多通道采集与回放,,yes,2/2,0.53
cn-all-remaining-0144-a17cd5ce,实测 MT/AMT EDI 质控与平滑一维电阻率反演,分类,x-research-dataset-repository,Research Dataset Repository — 公开数据集下载页与元数据,,yes,2/2,0.8
cn-all-remaining-0145-e95af7e1,基于声子模态热容加权的负热膨胀 Grüneisen 描述符计算程序,分类,x-atomistic-simulation-package,Atomistic / Molecular Simulation Package — 分子动力学与第一性原理计算,,unsure,2/2,0.53
cn-all-remaining-0147-8adc1dee,基于热膨胀系数曲线的负热膨胀区间识别与稳健分类程序,分类,x-materials-property-database,Materials Property Database — 材料结构与性质检索库,,unsure,2/2,0.45
cn-all-remaining-0148-25afc0d0,真实 GNSS 速度场质量控制与稳健二维应变率反演,分类,x-research-dataset-repository,Research Dataset Repository — 公开数据集下载页与元数据,,yes,2/2,0.8
cn-all-remaining-0150-c71a0779,面向负热膨胀逆向设计的结构合理性与 XRD 新颖性筛选程序,分类,x-materials-property-database,Materials Property Database — 材料结构与性质检索库,,unsure,2/2,0.5
cn-all-remaining-0151-f7249cf5,真实远震三分量响应校正、坐标旋转与震相验证,分类,x-seismic-waveform-data-center,Seismic Waveform Data Center — 台站波形与事件目录检索,,yes,2/2,0.88
cn-all-remaining-0153-be2ba508,负热膨胀候选的 Grüneisen–声子稳定性–凸包能三目标 Pareto 决策程序,分类,x-materials-property-database,Materials Property Database — 材料结构与性质检索库,,unsure,2/2,0.45
cn-all-remaining-0154-077b3b0c,可恢复的负热膨胀材料逆向设计批任务编排与状态管理程序,分类,x-hpc-job-scheduler,HPC Cluster / Job Scheduler Portal — 作业提交队列与算例日志,,no,2/2,0.5
cn-all-remaining-0155-15cf16ab,航磁测线交叉点平差与调平,分类,x-research-dataset-repository,Research Dataset Repository — 公开数据集下载页与元数据,,yes,2/2,0.72
cn-all-remaining-0156-d5cf6958,DART海啸到时与传播速度判定,分类,x-research-dataset-repository,Research Dataset Repository — 公开数据集下载页与元数据,,yes,2/2,0.7
cn-all-remaining-0157-48c5ea38,负热膨胀材料异构结构字段标准化与数据质量审计程序,分类,x-materials-property-database,Materials Property Database — 材料结构与性质检索库,,yes,2/2,0.55
cn-all-remaining-0158-341df0ea,环境噪声HVSR场地共振评估,分类,x-seismic-waveform-data-center,Seismic Waveform Data Center — 台站波形与事件目录检索,,yes,2/2,0.78
cn-all-remaining-0159-fc7402fc,Adult Census 表格数据质量审计,分类,x-research-dataset-repository,Research Dataset Repository — 公开数据集下载页与元数据,,yes,2/2,0.94
cn-all-remaining-0160-5d376197,区域地震 P、S 到时联合定位,分类,x-seismic-waveform-data-center,Seismic Waveform Data Center — 台站波形与事件目录检索,,yes,2/2,0.7
cn-all-remaining-0162-c827b242,负热膨胀材料多条件检索与稳定分页 API,分类,x-materials-property-database,Materials Property Database — 材料结构与性质检索库,,yes,2/2,0.7
cn-all-remaining-0163-f216c49f,真实 SKS 剪切波分裂测量与上地幔各向异性评估,分类,x-seismic-waveform-data-center,Seismic Waveform Data Center — 台站波形与事件目录检索,,yes,2/2,0.88
cn-all-remaining-0165-b35850c6,负热膨胀材料详情数据契约与结构文件安全导出服务,分类,x-materials-property-database,Materials Property Database — 材料结构与性质检索库,,yes,2/2,0.7
cn-all-remaining-0166-b4934700,Ridgecrest 主震后地震簇稳健双差重定位,分类,x-seismic-waveform-data-center,Seismic Waveform Data Center — 台站波形与事件目录检索,,yes,2/2,0.85
cn-all-remaining-0168-382cfa9c,AG News 新闻主题建模,分类,x-research-dataset-repository,Research Dataset Repository — 公开数据集下载页与元数据,,yes,2/2,0.94
cn-all-remaining-0169-866f3425,基于Cora的引文网络链接预测,分类,x-research-dataset-repository,Research Dataset Repository — 公开数据集下载页与元数据,,yes,2/2,0.94
cn-all-remaining-0170-55cf9dab,负热膨胀材料数据库交互式可视化网站,分类,x-materials-property-database,Materials Property Database — 材料结构与性质检索库,,yes,2/2,0.65
cn-all-remaining-0172-6856819c,科研材料数据库访问申请、下载配额与审计后台,分类,identity-and-access-management-iam,Identity and Access Management (IAM) Software,,no,2/2,0.4
cn-all-remaining-0173-475052f5,共享单车逐时需求回归预测,分类,x-research-dataset-repository,Research Dataset Repository — 公开数据集下载页与元数据,,yes,2/2,0.94
cn-all-remaining-0176-d6d67203,混凝土抗压强度回归预测,分类,x-research-dataset-repository,Research Dataset Repository — 公开数据集下载页与元数据,,yes,3/3,0.92
cn-all-remaining-0177-eaac0e4d,四处交叉口交通信号设施布置及设备清单补全,分类,civil-engineering-design,Civil Engineering Design Software,,yes,3/3,0.65
cn-all-remaining-0178-56bf88f1,四处交叉口交通信号管线网络及电缆清册重建,分类,civil-engineering-design,Civil Engineering Design Software,,yes,3/3,0.65
cn-all-remaining-0179-4e71f3aa,多批次药物处理转录组数据的批次效应评估与差异表达判定,分类,x-genomics-data-repository,Genomics / Bioinformatics Data Repository — 组学数据集与样本注释,,yes,3/3,0.68
cn-all-remaining-0180-5430cc08,市政道路多专业综合冲突检查与消解,分类,building-design-and-building-information-modeling-bim,Building Design and Building Information Modeling (BIM) Software,,yes,2/3,0.57
cn-all-remaining-0181-49c052bc,四区段雨水管网平面及构筑物属性重建,分类,civil-engineering-design,Civil Engineering Design Software,,yes,3/3,0.65
cn-all-remaining-0182-84d4da65,粉末衍射数据的从头晶胞测定,分类,x-test-bench-daq,Test Bench / Data Acquisition Software — 台架试验的多通道采集与回放,,yes,1/3,0.47
cn-all-remaining-0184-f035325a,六区段雨水管线纵断面补绘及水力复核,分类,civil-engineering-design,Civil Engineering Design Software,,yes,3/3,0.65
cn-all-remaining-0185-e54d6ed7,照明竣工图运维接管索引图、台账及复核报告编制,分类,civil-engineering-design,Civil Engineering Design Software,,yes,3/3,0.58
cn-all-remaining-0186-e7bbf411,球罐基础荷载及地脚螺栓设计条件图,分类,mechanical-computer-aided-design-mcad,Mechanical Computer-aided Design (MCAD) Software,,yes,1/3,0.55
cn-all-remaining-0187-605dc08a,综合管线交叉会审标记及问题闭环,分类,civil-engineering-design,Civil Engineering Design Software,,yes,3/3,0.65
cn-all-remaining-0188-42909212,球罐基础条件图与荷载提资,分类,mechanical-computer-aided-design-mcad,Mechanical Computer-aided Design (MCAD) Software,,yes,1/3,0.55
cn-all-remaining-0189-d989a5b8,random_csv_summary,分类,spreadsheets,Spreadsheets Software,,no,3/3,0.47
cn-all-remaining-0190-3c8f53db,垂直 DAS 微震震源入射路径校正,分类,x-seismic-waveform-data-center,Seismic Waveform Data Center — 台站波形与事件目录检索,,unsure,1/3,0.52
cn-all-remaining-0192-dd5aeb8b,实测井下DAS小波互谱时延测量与沿光纤视相速度稳定性评估,分类,x-seismic-waveform-data-center,Seismic Waveform Data Center — 台站波形与事件目录检索,,yes,2/3,0.75
cn-all-remaining-0193-9b57cb86,小波互谱走时差MATLAB流程的自包含C17迁移与数值等价性验证,分类,x-seismic-waveform-data-center,Seismic Waveform Data Center — 台站波形与事件目录检索,,yes,1/3,0.52
cn-all-remaining-0194-b11424c0,实测背景噪声互相关、经验格林函数收敛性与可解释性评估,分类,x-seismic-waveform-data-center,Seismic Waveform Data Center — 台站波形与事件目录检索,,yes,3/3,0.85
cn-all-remaining-0195-5825e6c9,水泵机械零部件正向设计与轴承全工况寿命校核综合任务,分类,mechanical-computer-aided-design-mcad,Mechanical Computer-aided Design (MCAD) Software,,yes,3/3,0.78
cn-all-remaining-0196-0fcde01e,fable_flow_pipeline,分类,ai-video-generators,AI Video Generators,,no,2/3,0.37
cn-all-remaining-0197-3096cac7,新能源汽车电机轴机加工工艺规格书,分类,mechanical-computer-aided-design-mcad,Mechanical Computer-aided Design (MCAD) Software,,no,3/3,0.4
cn-all-remaining-0198-6f703aa0,game_daily_task_bot,分类,automation-testing-tools,Automation Testing Tools,,no,3/3,0.33
cn-all-remaining-0199-7d1d6e95,app_performance_test,分类,mobile-app-testing,Mobile App Testing Software,,yes,2/3,0.53
cn-all-remaining-0200-7d3bbee1,AI 玩具主控板硬件开发,分类,pcb-design,PCB Design Software,,yes,3/3,0.82
cn-all-remaining-0201-aa7b482c,硬件积木主控板硬件开发,分类,pcb-design,PCB Design Software,,yes,3/3,0.82
cn-all-remaining-0202-e9714142,三维 Voronoi 晶界应力模型制作,分类,simulation-cae,Simulation & CAE Software,,yes,3/3,0.67
cn-all-remaining-0203-0a333446,super_press,分类,automation-testing-tools,Automation Testing Tools,,no,3/3,0.45
cn-all-remaining-0204-96586aa4,构建 SEC Inline XBRL 申报审计与 Company Facts 对账数据管道,分类,financial-data-apis,Financial Data APIs,,yes,1/3,0.68
cn-all-remaining-0205-56a2c514,MIDI 到专业五线谱制谱,分类,audio-editing,Audio Editing Software,,yes,3/3,0.37
cn-all-remaining-0206-ba9d1d88,(untitled),分类,x-genomics-data-repository,Genomics / Bioinformatics Data Repository — 组学数据集与样本注释,,yes,3/3,0.83
cn-all-remaining-0207-8b063b46,构建 NVD/CISA 漏洞情报规范化与时态修复优先级数据产品,分类,vulnerability-management,Vulnerability Management Software,,yes,3/3,0.63
cn-all-remaining-0208-3882716b,AutoLoginPro,分类,automation-testing-tools,Automation Testing Tools,,no,3/3,0.5
cn-all-remaining-0214-53980c22,短跑起跑加速期连续步触地构型、边界状态重建与处理多机制可识别性分析,分类,x-motion-capture-biomechanics-lab,Motion Capture / Biomechanics Lab Software — 动捕采集与肌骨建模工作流,,yes,3/3,0.82
cn-all-remaining-0215-7ece7df7,AI 玩具主控板硬件开发,分类,pcb-design,PCB Design Software,,yes,3/3,0.63
cn-all-remaining-0216-24153bc9,短跑起跑加速期派生支撑窗口的多估计器趋势、事件时钟竞争、双向状态重建,分类,x-motion-capture-biomechanics-lab,Motion Capture / Biomechanics Lab Software — 动捕采集与肌骨建模工作流,,yes,3/3,0.82
cn-all-remaining-0217-fbf764f2,专业文献绘图,分类,x-genomics-data-repository,Genomics / Bioinformatics Data Repository — 组学数据集与样本注释,,yes,3/3,0.48
cn-all-remaining-0218-c55ed2a4,业务状态对接规则实现与验证,分类,workflow-management,Workflow Management Software,,no,2/3,0.42
cn-all-remaining-0219-3028b620,"[BUG] Multiple ArrayIndexOutOfBoundsException in JSONReaderUTF8.java, JSONReaderASCII.java, JSONReader.java",分类,source-code-management,Source Code Management Software,,yes,2/3,0.57
cn-all-remaining-0220-bb326e7d,6月会员续费下滑复盘与分层召回名单,分类,subscription-management,Subscription Management Software,,yes,3/3,0.55
cn-all-remaining-0221-2cf3a288,24个月稳定性统计复核与货架期建议,分类,lims,LIMS Software,,yes,3/3,0.57
cn-all-remaining-0222-930d164f,CSR定稿前交叉设计BE统计独立复核,分类,electronic-data-capture-edc,Electronic Data Capture (EDC) Software,,yes,3/3,0.6
cn-all-remaining-0223-6433ad04,游戏工程自动化回归测试用例梳理,分类,bug-tracking,Bug Tracking Software,,yes,3/3,0.52
cn-all-remaining-0225-67c5083f,商品房组合销售额上限及变化趋势测试,分类,urban-planning-and-design,Urban Planning and Design Software,,yes,2/3,0.48
cn-all-remaining-0227-eea5b2ab,3d模型标准化质检,分类,3d-modeling,3D Modeling Software,,no,3/3,0.48
cn-all-remaining-0228-930473c4,基于WHO/ISH 2019模型的 CVD风险评估与分级管理,分类,ehr,EHR Software,,yes,3/3,0.52
cn-all-remaining-0229-ee451ace,4500 m3/d造纸废水处理工艺计算、二沉池口径纠正与CAD一致性审计,分类,civil-engineering-design,Civil Engineering Design Software,,yes,3/3,0.53
cn-all-remaining-0230-7ad23258,1998-2021年江苏近海SST梯度与HBCF/JSF锋带时空特征可复现分析,分类,x-research-dataset-repository,Research Dataset Repository — 公开数据集下载页与元数据,,yes,2/3,0.65
cn-all-remaining-0232-d62432a4,CuS/Cu-ZIF纳米材料多模态表征数据处理与可复现结果报告,分类,electronic-lab-notebook-eln,Electronic Lab Notebook (ELN) Software,,yes,2/3,0.48
cn-all-remaining-0233-716f6fd9,水泵机械零部件正向设计与轴承全工况寿命校核综合任务,分类,mechanical-computer-aided-design-mcad,Mechanical Computer-aided Design (MCAD) Software,,yes,3/3,0.65
cn-all-remaining-0234-9f997aba,面向无人机蜂群对抗的智能任务分配算法设计与实现,分类,robotic-simulation-software,Robotic Simulation Software,,no,2/3,0.48
cn-all-remaining-0235-b31d2b3b,明挖基坑有无加固工况数值模拟分析,分类,simulation-cae,Simulation & CAE Software,,yes,2/3,0.58
cn-all-remaining-0236-9d88defd,游戏模型资产贴图过暗渲染修复,分类,3d-rendering,3D Rendering Software,,unsure,2/3,0.47
cn-all-remaining-0237-8fc39a86,服务小程序适老化无障碍验收,分类,x-regulatory-registry,Regulatory Registry / Compliance Filing Database — 备案与合规申报检索库,,yes,1/3,0.57
cn-all-remaining-0238-ec8b0623,二维钙钛矿太阳能电池模拟,分类,simulation-cae,Simulation & CAE Software,,unsure,3/3,0.53
cn-all-remaining-0239-d34a697d,预制钢筋可拼接下料模拟退火算法设计与生产方案导出,分类,production-management,Production Management Software,,yes,2/3,0.5
cn-all-remaining-0240-6c615bee,国内与国际危险品运输规则协同分析,分类,trade-compliance,Trade Compliance,,yes,3/3,0.7
cn-all-remaining-0241-a840346d,构建 MTA 地铁无障碍资产与站点运维审计数据产品,分类,x-government-statistics-portal,Government Statistics / Open Data Portal — 官方统计与开放数据查询,,yes,2/3,0.8
cn-all-remaining-0242-be25547c,FMI 成像测井裂缝密度、优势产状与高裂缝带自动识别,分类,geology-and-seismic,Geology and Seismic Software,,yes,3/3,0.75
cn-all-remaining-0243-885c2ff8,Parkfield 重复地震 DTW/MWCS 频率依赖速度变化复现与评估,分类,x-seismic-waveform-data-center,Seismic Waveform Data Center — 台站波形与事件目录检索,,yes,3/3,0.82
cn-all-remaining-0244-2e8ded33,underwater_depth_control,分类,robotic-simulation-software,Robotic Simulation Software,,no,3/3,0.5
cn-all-remaining-0245-a6640871,实测多分量 C3 高阶地震干涉算法复现与验证,分类,x-seismic-waveform-data-center,Seismic Waveform Data Center — 台站波形与事件目录检索,,yes,3/3,0.82
cn-all-remaining-0246-df9e58bb,二维von Kármán随机介质下的单次散射到时、角度权重与参数敏感性建模,分类,geology-and-seismic,Geology and Seismic Software,,no,3/3,0.4
cn-all-remaining-0247-3a150457,二维单次散射coda-P差时几何、等时椭圆与距离非唯一性验证,分类,geology-and-seismic,Geology and Seismic Software,,no,3/3,0.4
cn-all-remaining-0248-45095616,CYP3A4 抑制活性的定量结构-活性关系建模,分类,drug-discovery,Drug Discovery Software,,yes,3/3,0.62
cn-all-remaining-0252-36566ef7,葡萄酒品质序数回归,分类,x-research-dataset-repository,Research Dataset Repository — 公开数据集下载页与元数据,,yes,3/3,0.87
cn-all-remaining-0254-6e32e684,交通流量递归多步分位数预测,分类,x-research-dataset-repository,Research Dataset Repository — 公开数据集下载页与元数据,,yes,3/3,0.87
cn-all-remaining-0255-b2e13f01,IGS NYA2 多星座 RINEX-Kp 完整性审计,分类,x-research-dataset-repository,Research Dataset Repository — 公开数据集下载页与元数据,,yes,3/3,0.65
cn-all-remaining-0256-f2187348,山地园区道路纵断面拉坡设计与土石方工程费优化,分类,civil-engineering-design,Civil Engineering Design Software,,yes,3/3,0.57
cn-all-remaining-0257-8171b0b6,业务工作台列表 Excel 导出实现与验证,分类,document-generation,Document Generation Software,,no,2/3,0.45
cn-all-remaining-0258-e2a6a474,静态资料下载路由实现与验证,分类,version-control-hosting,Version Control Hosting Software,,no,1/3,0.42
cn-all-remaining-0259-0f98e766,"Inconsistent path resolution: --background-file resolves against CWD, not the repo root",分类,peer-code-review,Peer Code Review Software,,yes,2/3,0.55
cn-all-remaining-0260-00dbcac0,修复 Affinity Router 初始化阶段因应用名称缺失导致的空指针崩溃,分类,service-discovery,Service Discovery Software,,yes,2/3,0.6
cn-all-remaining-0265-ae028604,中国人力资源服务行业研究与区域型机构增长策略,分类,market-research-services,Market Research Companies,,yes,2/3,0.48
cn-all-remaining-0266-117b85a6,800V纯电SUV动力电池液冷热管理工况评估与冷却能力校核 ,分类,x-test-bench-daq,Test Bench / Data Acquisition Software — 台架试验的多通道采集与回放,,yes,2/2,0.75
cn-all-remaining-0269-78ef8a58,酵母基因功能多标签分类,分类,x-research-dataset-repository,Research Dataset Repository — 公开数据集下载页与元数据,,yes,2/2,0.82
cn-all-remaining-0270-2b2cb5bf,开发可验证的五子棋 GUI 与 MCTS 人机对战客户端,分类,game-development,Game Development Software,,no,2/2,0.6
cn-all-remaining-0271-7788ccc0,手游战斗结算规则回归、缺陷定位与自动化发布门槛核验    ,分类,x-game-liveops-console,Game Engine Editor / LiveOps Admin Console — 游戏内容编辑器或运营后台,,yes,2/2,0.65
cn-all-remaining-0272-eaf429b6,乳腺癌生存风险预测,分类,x-research-dataset-repository,Research Dataset Repository — 公开数据集下载页与元数据,,yes,2/2,0.85
cn-all-remaining-0276-6e6811c4,Seata 批量 INSERT 使用 SQL 函数时主键提取错误,分类,source-code-management,Source Code Management Software,,yes,2/2,0.85
cn-all-remaining-0279-e1055243,Intel RealSense D455 RGB-D 三维目标感知系统可靠性升级、离线部署与自动化验收交付,分类,source-code-management,Source Code Management Software,,yes,2/2,0.6
cn-all-remaining-0280-56d150e9,Dubbo-go 注册中心销毁与订阅超时并发问题,分类,source-code-management,Source Code Management Software,,yes,2/2,0.85
cn-all-remaining-0281-5f45e300,STM32F407 TR500 移动机器人全链路控制可靠性升级、自动化验证与可追溯交付,分类,source-code-management,Source Code Management Software,,yes,2/2,0.6
cn-all-remaining-0284-ee8ca4d8,RocketMQ ServiceThread 唤醒信号丢失,分类,source-code-management,Source Code Management Software,,yes,2/2,0.85
cn-all-remaining-0287-5251edcb,Iceberg Go 无法处理 INT32/INT64 编码的 Parquet Decimal 统计信息,分类,source-code-management,Source Code Management Software,,yes,2/2,0.85
cn-all-remaining-0288-9191bb5f,Nacos Config 客户端关闭后监听线程池持续泄漏,分类,source-code-management,Source Code Management Software,,yes,2/2,0.85
cn-all-remaining-0289-179b18af,SeaTunnel 多作业 Kafka 分区配置相互污染,分类,source-code-management,Source Code Management Software,,yes,2/3,0.77
cn-all-remaining-0290-e90402a5,垂直 DAS 微震入射路径校正与跨事件速度一致性评估,分类,x-seismic-waveform-data-center,Seismic Waveform Data Center — 台站波形与事件目录检索,,yes,3/3,0.58
cn-all-remaining-0291-e8bd6c4c,汽车连接器注塑件关键尺寸SPC分析、过程能力评估与量产放行判定    ,分类,quality-management-qms,Quality Management Systems (QMS),,yes,3/3,0.7
cn-all-remaining-0292-d702cea3,SeaTunnel Flink Schema Evolution 与 XA 事务发生 MDL 死锁,分类,source-code-management,Source Code Management Software,,yes,2/3,0.77
cn-all-remaining-0293-55df2006,Nacos 并发订阅与取消订阅导致服务索引丢失,分类,source-code-management,Source Code Management Software,,yes,2/3,0.77
cn-all-remaining-0294-fde2ddb5,Fluss 主键表批量读取丢失 Change Log 尾部记录,分类,source-code-management,Source Code Management Software,,yes,2/3,0.77
cn-all-remaining-0295-f02f928e,圆柱绕流模拟,分类,simulation-cae,Simulation & CAE Software,,no,3/3,0.53
cn-all-remaining-0296-45de6b63,复现并审计美国交通部 2025 年 1 月航空准点率监管数据产品,分类,x-government-statistics-portal,Government Statistics / Open Data Portal — 官方统计与开放数据查询,,yes,3/3,0.9
cn-all-remaining-0300-646973ab,环形基因组热图,分类,x-genomics-data-repository,Genomics / Bioinformatics Data Repository — 组学数据集与样本注释,,yes,3/3,0.67
cn-all-remaining-0302-299009d0,NYC Yellow Taxi January 2023 — Multi-source Data Engineering Pipeline,分类,x-government-statistics-portal,Government Statistics / Open Data Portal — 官方统计与开放数据查询,,yes,3/3,0.87
cn-all-remaining-0303-a8e1cff9,三分量连续波形响应校正、重采样与质量检查,分类,x-seismic-waveform-data-center,Seismic Waveform Data Center — 台站波形与事件目录检索,,yes,3/3,0.85
cn-all-remaining-0304-cbead67f,背景噪声 PPSD、独立谱回代与台站频段适用性评估,分类,x-seismic-waveform-data-center,Seismic Waveform Data Center — 台站波形与事件目录检索,,yes,3/3,0.85
cn-all-remaining-0305-ea897654,三分量环境噪声频率依赖极化与方向稳定性分析,分类,x-seismic-waveform-data-center,Seismic Waveform Data Center — 台站波形与事件目录检索,,yes,3/3,0.64
cn-all-remaining-0307-0a4a417e,井下 DAS 的 DT3 多路径估计与异常诊断,分类,x-seismic-waveform-data-center,Seismic Waveform Data Center — 台站波形与事件目录检索,,yes,3/3,0.5
cn-all-remaining-0314-df121ac2,直线电机行业竞争格局与产品进入机会研究,分类,competitive-intelligence,Competitive Intelligence Tools,,yes,3/3,0.52
cn-all-remaining-0315-288a70d1,Buchwald-Hartwig 反应条件数据的可复算审计,分类,x-research-dataset-repository,Research Dataset Repository — 公开数据集下载页与元数据,,yes,3/3,0.82
cn-all-remaining-0316-980114f4,红树林沉积物多模态响应证据矩阵与复验排程审计,分类,lims,LIMS Software,,yes,2/3,0.4
cn-all-remaining-0317-8020fa01,耳机收纳盒上盖注塑模具图纸放行前工程一致性审计,分类,mechanical-computer-aided-design-mcad,Mechanical Computer-aided Design (MCAD) Software,,yes,3/3,0.8
cn-all-remaining-0318-6f22c371,医药商业出库台账波动归因与集中暴露可复验审计,分类,pharmaceutical-distribution,Pharmaceutical Distribution Software,,yes,3/3,0.67
cn-all-remaining-0319-56b726ce,锆石U-Pb筛选敏感性、Lu-Hf采用年龄冲突与点位联结的可复验审计,分类,x-research-dataset-repository,Research Dataset Repository — 公开数据集下载页与元数据,,yes,2/3,0.52
cn-all-remaining-0320-d8bc55d2,张掖市两期乡镇耕地质量指数PCA标定可比性与障碍因子转移审计,分类,x-government-statistics-portal,Government Statistics / Open Data Portal — 官方统计与开放数据查询,,yes,3/3,0.47
cn-all-remaining-0321-d05903ab,D9整数评分卡D24时间外泛化、阈值鲁棒性与发布边界复验,分类,x-ml-experiment-tracking,ML Experiment Tracking / Model Registry — 逐 run 指标对比与模型版本,,yes,2/3,0.38
cn-all-remaining-0322-c294fc85,在线招聘渠道续约复盘、RFP对账与2026采购策略,分类,applicant-tracking-systems-ats,Applicant Tracking Systems (ATS),,yes,3/3,0.65
cn-all-remaining-0323-3f584fd1,福建—重庆公立医院内科医师招聘结构与配置研究,分类,job-board,Job Board Software,,yes,3/3,0.47
cn-all-remaining-0324-4be0ddcf,药学专业人员岗位供需、能力缺口与流动风险研究,分类,talent-intelligence,Talent Intelligence Software,,unsure,3/3,0.47
cn-all-remaining-0325-eb2f0968,市政排水改造项目月度进度更新、挣值分析与纠偏计划,分类,construction-project-management,Construction Project Management Software,,yes,3/3,0.68
cn-all-remaining-0326-9882d4ca,版本封板前的战斗系统自动化回归,分类,automation-testing-tools,Automation Testing Tools,,no,3/3,0.62
cn-all-remaining-0327-64d6e8a2,近海工程支持船吊装工况完整稳性、纵倾与压载方案核验,分类,marine,Marine Software,,yes,3/3,0.65
cn-all-remaining-0328-9e64a75f,    手游限时活动奖励、兑换商店与经济闭环自动化回归审计    ,分类,x-game-liveops-console,Game Engine Editor / LiveOps Admin Console — 游戏内容编辑器或运营后台,,no,2/3,0.55
cn-all-remaining-0329-17bc3a39,离子色谱批次原始数据复核、定量报告重建与质控放行判定,分类,scientific-data-management-system-sdms,Scientific Data Management Systems (SDMS),,yes,1/3,0.57
cn-all-remaining-0330-f8d853da,    夏季城市热岛、连续热浪与遥感地表温度回归的可复现科学分析    ,分类,weather-data-software,Weather Data Software,,yes,3/3,0.57
cn-all-remaining-0331-a4f0c1fc,    低水活度坚果谷物棒加速货架期建模、氧化失效判定与9个月标示放行核验    ,分类,laboratory,Laboratory Software,,yes,2/3,0.53
cn-all-remaining-0332-f8e4da12,鲜切苹果抗褐变处理中试数据分析、货架期估计与方案筛选,分类,laboratory,Laboratory Software,,yes,2/3,0.53
cn-all-remaining-0333-8f712f0a,桑基图+气泡图展示富集分析结果,分类,life-sciences,Life Sciences Software,,yes,2/3,0.45
cn-all-remaining-0334-839d2c46,宏观动态因子模型与 GARCH-VaR 集成风险预测,分类,financial-risk-management,Financial Risk Management Software,,no,3/3,0.6
cn-all-remaining-0335-2dca6689,DAS 脉冲响应与应变灵敏度标定,分类,geology-and-seismic,Geology and Seismic Software,,yes,1/3,0.5
cn-all-remaining-0336-4dee3ef5,无套利仿射短利率、不规则现金流定价与Key-rate风险引擎,分类,financial-risk-management,Financial Risk Management Software,,no,2/3,0.58
cn-all-remaining-0337-bafa6160,DAS 光纤监测系统配置多准则性能评估与选型决策,分类,geology-and-seismic,Geology and Seismic Software,,yes,2/3,0.57
cn-all-remaining-0338-2beb2471,双台面波频散提取与剪切波速度结构反演开发,分类,x-seismic-waveform-data-center,Seismic Waveform Data Center — 台站波形与事件目录检索,,yes,2/3,0.53
cn-all-remaining-0339-08285313,大地电磁一维反演与等效层分析,分类,geology-and-seismic,Geology and Seismic Software,,unsure,2/3,0.47
cn-all-remaining-0340-1949b8b0,修复 Apache RocketMQ 多派生存储后端下 CommitLog 加速恢复起点与 Checkpoint 一致性问题,分类,source-code-management,Source Code Management Software,,yes,2/3,0.88
cn-all-remaining-0341-e33f98f7,镍基高温合金金相检验与平均晶粒度评定,分类,laboratory,Laboratory Software,,yes,2/3,0.55
cn-all-remaining-0342-312b05e2,修复 Apache SeaTunnel Paimon Sink 从 Savepoint 恢复时重复提交 Checkpoint 状态导致任务退出的问题,分类,source-code-management,Source Code Management Software,,yes,2/3,0.88
cn-all-remaining-0343-6e312f2e,某工业园道路照明竣工图模型空间独立分图与单页归档包编制,分类,general-purpose-cad,General-Purpose CAD Software,,yes,2/3,0.62
cn-all-remaining-0344-8f581a8d,SeaTunnel 有界 Source 在 Reader 故障重注册后丢失 NoMoreSplitsEvent 导致作业永久不结束,分类,source-code-management,Source Code Management Software,,yes,2/3,0.88
cn-all-remaining-0347-e95a3726,扳手的应力应变,分类,simulation-cae,Simulation & CAE Software,,no,2/3,0.47
cn-all-remaining-0350-ea7a2f54,基于 MACE-C 代理预测的高杨氏模量碳材料逆向设计与 VASPKIT 弹性应变任务生成,分类,x-atomistic-simulation-package,Atomistic / Molecular Simulation Package — 分子动力学与第一性原理计算,,unsure,2/3,0.47
cn-all-remaining-0351-c0f3eb29,产品共购图链接预测管道,分类,x-research-dataset-repository,Research Dataset Repository — 公开数据集下载页与元数据,,yes,3/3,0.87
cn-all-remaining-0353-faf97d9d,基于 MACE-C 代理预测的高剪切模量碳材料逆向设计与 VASPKIT 弹性应变任务生成,分类,x-materials-property-database,Materials Property Database — 材料结构与性质检索库,,unsure,3/3,0.48
cn-all-remaining-0354-08d6b573,CWRU 轴承故障诊断·跨工况泛化,分类,x-research-dataset-repository,Research Dataset Repository — 公开数据集下载页与元数据,,yes,2/3,0.92
cn-all-remaining-0355-511b8d68,债券ETF做市报价参数标定与限额压力校验,分类,financial-data-apis,Financial Data APIs,,unsure,2/3,0.42
cn-all-remaining-0356-d600f1dc,长 QT 综合征候选变异的群体频率证据评估,分类,x-genomics-data-repository,Genomics / Bioinformatics Data Repository — 组学数据集与样本注释,,yes,3/3,0.72
cn-all-remaining-0357-9d6f6ae8,数据统计半环形组合图绘制,分类,x-research-dataset-repository,Research Dataset Repository — 公开数据集下载页与元数据,,yes,2/3,0.48
cn-all-remaining-0358-a36b0f21,环形热图与韦恩图组合图,分类,x-genomics-data-repository,Genomics / Bioinformatics Data Repository — 组学数据集与样本注释,,yes,2/3,0.52
cn-all-remaining-0359-ab661e58,用EIS评估金属材料电化学性能,分类,x-test-bench-daq,Test Bench / Data Acquisition Software — 台架试验的多通道采集与回放,,yes,3/3,0.59
cn-all-remaining-0360-312accf1,BrickCore PCBA 原理图与 Layout 设计工程,分类,pcb-design,PCB Design Software,,yes,3/3,0.77
cn-all-remaining-0362-01359fb6,微震全矩张量反演与分解,分类,x-seismic-waveform-data-center,Seismic Waveform Data Center — 台站波形与事件目录检索,,no,2/3,0.47
cn-all-remaining-0363-4545ec79,3D 地形水力侵蚀模拟与四叉树 LOD 网格生成,分类,gis,GIS Software,,no,3/3,0.47
cn-all-remaining-0364-990a106a,地质横剖面自动制图与 FGDC 符号化渲染,分类,geology-and-seismic,Geology and Seismic Software,,no,3/3,0.52
cn-all-remaining-0365-375c7e55, XGBoost 回归模型训练并计算 SHAP 值，绘制特征重要性环形图,分类,x-research-dataset-repository,Research Dataset Repository — 公开数据集下载页与元数据,,unsure,2/3,0.33
cn-all-remaining-0366-96678dde,基于 D3REAM 与三模型 MACE 保守估计的 BCN 低能量高密度高维氏硬度多目标逆向设计,分类,x-atomistic-simulation-package,Atomistic / Molecular Simulation Package — 分子动力学与第一性原理计算,,yes,3/3,0.52
cn-all-remaining-0367-7a386953,碳相维氏硬度代理候选筛选与 VASPKIT 弹性任务生成,分类,x-atomistic-simulation-package,Atomistic / Molecular Simulation Package — 分子动力学与第一性原理计算,,yes,3/3,0.53
cn-all-remaining-0368-6fa8f105,多模型性能对比雷达图,分类,x-ml-experiment-tracking,ML Experiment Tracking / Model Registry — 逐 run 指标对比与模型版本,,yes,3/3,0.55
cn-all-remaining-0369-bbf80adf,多模型回归性能对比与拟合优度分析图,分类,x-ml-experiment-tracking,ML Experiment Tracking / Model Registry — 逐 run 指标对比与模型版本,,unsure,1/3,0.4
cn-all-remaining-0370-135929fe,球罐罐区无损检测与热处理资源配置及工期优化,分类,inspection-management,Inspection Management Software,,yes,1/3,0.53
cn-all-remaining-0371-8bb9b097,多维度特征筛选环形图,分类,x-ml-experiment-tracking,ML Experiment Tracking / Model Registry — 逐 run 指标对比与模型版本,,no,1/3,0.67
cn-all-remaining-0377-f420b9d5,外科术前二维 CT 交互式分割与规划训练平台开发,分类,medical-3d-visualization,Medical 3D Visualization Software,,no,2/3,0.53
cn-all-remaining-0378-b6193635,计算物理非线性方程求根可视化实验室,分类,simulation-cae,Simulation & CAE Software,,no,2/3,0.48
cn-all-remaining-0379-fa0f25f9,IPO 可比公司筛选与估值定价,分类,financial-research,Financial Research Software,,yes,3/3,0.63
cn-all-remaining-0380-82b780a6,DAS 双光纤散射体差分进化反演,分类,x-seismic-processing-workstation,Seismic Interpretation / Processing Workstation — 道集处理与解释,,yes,1/3,0.47
cn-all-remaining-0381-cef57a44,负热膨胀曲线离散区间统计与稳健候选筛选程序,分类,x-materials-property-database,Materials Property Database — 材料结构与性质检索库,,yes,3/3,0.5
cn-all-remaining-0382-1593e06a,工业定子检测视频抽帧、标注质检与 YOLO 数据集前处理平台开发,分类,data-labeling,Data Labeling Software,,no,2/3,0.45
cn-all-remaining-0383-e493ff6b,工业定子 YOLO 训练评估、模型转换与 RGB-D 推理部署流水线开发,分类,data-labeling,Data Labeling Software,,yes,2/3,0.4
cn-all-remaining-0384-5a0c687a,F-J变换震源频散成像与网格搜索定位算法开发,分类,x-seismic-waveform-data-center,Seismic Waveform Data Center — 台站波形与事件目录检索,,yes,3/3,0.57
cn-all-remaining-0385-44efd462,多窗频率-Bessel面波频散提取,分类,x-seismic-waveform-data-center,Seismic Waveform Data Center — 台站波形与事件目录检索,,yes,2/3,0.53
cn-all-remaining-0386-c86d9cd1,基于声子模态热容加权的负热膨胀 Grüneisen 描述符计算程序,分类,x-atomistic-simulation-package,Atomistic / Molecular Simulation Package — 分子动力学与第一性原理计算,,yes,2/3,0.53
cn-all-remaining-0387-e17081aa,区域阵列 f-k Bartlett 波束形成定位算法开发,分类,x-seismic-waveform-data-center,Seismic Waveform Data Center — 台站波形与事件目录检索,,yes,2/3,0.55
cn-all-remaining-0388-8fa5bc07,负热膨胀候选的三目标 Pareto 排序与稳健设计选择程序,分类,x-materials-property-database,Materials Property Database — 材料结构与性质检索库,,yes,2/3,0.52
cn-all-remaining-0389-68b3c7e8,Rayleigh波源密度函数(SDF)计算,分类,x-research-dataset-repository,Research Dataset Repository — 公开数据集下载页与元数据,,yes,2/3,0.43
cn-all-remaining-0390-6dee4f87,海浪压力场(p2l)主导周期时空分析,分类,x-research-dataset-repository,Research Dataset Repository — 公开数据集下载页与元数据,,yes,2/3,0.45
cn-all-remaining-0391-d4a9fbcb,基于图连通性与八维 XRD 指纹的 NTE 候选闸门筛查器,分类,x-materials-property-database,Materials Property Database — 材料结构与性质检索库,,yes,3/3,0.53
cn-all-remaining-0392-ba434732,DAS弹性波场正演与耦合响应分析,分类,x-test-bench-daq,Test Bench / Data Acquisition Software — 台架试验的多通道采集与回放,,yes,3/3,0.37
cn-all-remaining-0393-6a01fe39,带 SQLite 作业账本的 NTE Fake Backend 断点续跑调度器,分类,x-hpc-job-scheduler,HPC Cluster / Job Scheduler Portal — 作业提交队列与算例日志,,no,3/3,0.35
cn-all-remaining-0394-1e06e38d,修复 Nacos Naming 模块 ConcurrentHashMap 上 check-then-act 竞态导致的潜在 NPE,分类,version-control-hosting,Version Control Hosting Software,,yes,2/3,0.77
cn-all-remaining-0395-459e966d,工业空压站能效审计、停机保压泄漏核算与联控节能改造校核,分类,x-process-historian,Process Historian — 工厂时序位号历史库与趋势查询,,yes,3/3,0.64
cn-all-remaining-0397-64a67ace,游戏测试工程师公开岗位样本清洗、能力结构分析与招聘门槛校核,分类,job-search-sites,Job Search Sites,,yes,3/3,0.64
cn-all-remaining-0398-6d389a9a,近海日尺度海温质量控制、海洋热浪事件识别与监测发布边界核验,分类,weather-data-software,Weather Data Software,,yes,3/3,0.48
cn-all-remaining-0399-6ddf0530,手游限时活动奖励发放、请求幂等与玩家经济闭环审计,分类,x-game-liveops-console,Game Engine Editor / LiveOps Admin Console — 游戏内容编辑器或运营后台,,yes,3/3,0.55
cn-all-remaining-0400-2d892a5f,腹腔镜胆囊切除术围术期质控规则回归、异常定位与月度质控放行核验,分类,medical-qms,Medical Quality Management Systems (QMS),,yes,2/3,0.58
cn-all-remaining-0401-c65c75e3,微藻温度×盐度双因子实验数据质控、生长动力学与可复现统计复核,分类,lims,LIMS Software,,yes,2/3,0.58
cn-all-remaining-0402-aa42dfd5,800V动力电池液冷系统台架数据质量、热平衡故障与控制策略放行评估,分类,x-test-bench-daq,Test Bench / Data Acquisition Software — 台架试验的多通道采集与回放,,yes,3/3,0.73
cn-all-remaining-0403-f1abed95,手游限时卡池保底、重复转化与幂等结算回放核验,分类,x-game-liveops-console,Game Engine Editor / LiveOps Admin Console — 游戏内容编辑器或运营后台,,yes,3/3,0.55
cn-all-remaining-0404-b99d77e5,三层社区卫生服务中心建筑方案功能、疏散与无障碍比选放行评估,分类,building-design-and-building-information-modeling-bim,Building Design and Building Information Modeling (BIM) Software,,yes,3/3,0.63
cn-all-remaining-0405-37b50b73,多仓库存盘点差异复核与关账调整建议,分类,warehouse-management,Warehouse Management Software,,yes,3/3,0.68
cn-all-remaining-0406-6b719b00,长三角城市更新建筑设计市场机会评估与重点客户研究,分类,government-procurement,Government Procurement Software,,yes,3/3,0.58
cn-all-remaining-0407-b77013e8,电子连接器来料关键特性、外观缺陷与量具校准批次复核,分类,quality-management-qms,Quality Management Systems (QMS),,yes,3/3,0.66
cn-all-remaining-0409-6a7bb0d1,工业物联网边缘网关消息幂等、离线补传与OTA灰度发布审计,分类,iot-device-management-platforms,IoT Device Management Platforms,,yes,3/3,0.55
cn-all-remaining-0410-7e8ac79d,办公楼精装修工程量、变更与进度款复核,分类,construction-estimating-software,Construction Estimating Software,,yes,2/3,0.6
cn-all-remaining-0411-51fd07e5,云计算工程技术人员招聘样本清洗、职业任务映射与人才画像复现审计,分类,job-search-sites,Job Search Sites,,yes,3/3,0.68
cn-all-remaining-0412-a20676d9,大数据工程技术人员岗位需求复盘与2027课程调整建议,分类,job-search-sites,Job Search Sites,,yes,3/3,0.68
cn-all-remaining-0413-32af7365,中国工业设计师人才需求与设计服务机会研究,分类,job-search-sites,Job Search Sites,,yes,3/3,0.63
cn-all-remaining-0414-b2da4750,长三角既有公共建筑结构检测鉴定与加固设计服务市场研究与区域进入建议,分类,crm,CRM Software,,yes,2/3,0.43
cn-all-remaining-0415-4696e896,图形算法工程师人才供需、技术栈与团队建设研究,分类,job-search-sites,Job Search Sites,,yes,3/3,0.55
cn-all-remaining-0416-655ce14e,新能源汽车电机端盖轴承座孔径量具R&R、SPC过程能力与量产放行审计,分类,quality-management-qms,Quality Management Systems (QMS),,yes,3/3,0.58
cn-all-remaining-0417-e46ae306,    精装修住宅交付查验缺陷分级、整改闭环与交付判定    ,分类,inspection-management,Inspection Management Software,,yes,2/3,0.6
cn-all-remaining-0418-1fa412f3,氮磷添加对淡水藻类生长影响的微宇宙实验数据质控、统计分析与可复现研究报告,分类,lims,LIMS Software,,yes,2/3,0.5
cn-all-remaining-0419-94921508,B2B合同回款、退款与销售佣金结算复核,分类,sales-compensation,Sales Compensation Software,,yes,3/3,0.57
cn-all-remaining-0420-dc253cc1,医药冷链多仓订单履约、FEFO库存分配与N-1韧性优化,分类,supply-chain-planning,Supply Chain Planning Software,,yes,1/3,0.53
cn-all-remaining-0421-9128c0d2,三流域农药暴露与底栖无脊椎动物群落响应的多源数据质控、混合效应建模与敏感性分析,分类,lims,LIMS Software,,yes,3/3,0.57
cn-all-remaining-0422-d68716cc,跨服公会战赛季事件流重放、排名结算与奖励补偿核验,分类,x-game-liveops-console,Game Engine Editor / LiveOps Admin Console — 游戏内容编辑器或运营后台,,yes,3/3,0.53
cn-all-remaining-0423-6de57e18,河口湿地甲烷通量多批次校准、脉冲事件与年度预算审计,分类,lims,LIMS Software,,yes,3/3,0.5
cn-all-remaining-0425-800c9d3c,跨平台3D游戏渲染回归、Shader覆盖与发布准入自动化评测,分类,automation-testing-tools,Automation Testing Tools,,yes,3/3,0.52
cn-all-remaining-0426-e25051a2,岸桥主梁多工况强度、疲劳与应变监测一致性复核,分类,x-test-bench-daq,Test Bench / Data Acquisition Software — 台架试验的多通道采集与回放,,yes,3/3,0.71
cn-all-remaining-0427-1a2f2c02,途中跑/最大速度候选步态单腿回收事件竞争、时间预算与下游速度闭合分析,分类,x-motion-capture-biomechanics-lab,Motion Capture / Biomechanics Lab Software — 动捕采集与肌骨建模工作流,,yes,3/3,0.8
cn-all-remaining-0428-cf6a351c,途中跑/最大速度候选步态前摆出口状态、多层相位耦合与触地入口闭合分析,分类,x-motion-capture-biomechanics-lab,Motion Capture / Biomechanics Lab Software — 动捕采集与肌骨建模工作流,,yes,3/3,0.8
cn-all-remaining-0429-bb30f48c,四批次TMT蛋白质组同位素校正、桥接归一化与差异通路复核,分类,lims,LIMS Software,,yes,3/3,0.53
cn-all-remaining-0430-e756a0ff,途中跑/最大速度候选步态下压与触地准备多足参考、触地链反事实及早期支撑闭合分析,分类,x-motion-capture-biomechanics-lab,Motion Capture / Biomechanics Lab Software — 动捕采集与肌骨建模工作流,,yes,3/3,0.8
cn-all-remaining-0431-139098e2,企业云身份入侵多源日志时间线重建、会话归因与控制有效性复核,分类,security-information-and-event-management-siem,Security Information and Event Management (SIEM) Software,,yes,3/3,0.66
cn-all-remaining-0432-17cae668,途中跑/最大速度候选步态前支撑几何转换点竞争、身体承接与四路径状态重建分析,分类,x-motion-capture-biomechanics-lab,Motion Capture / Biomechanics Lab Software — 动捕采集与肌骨建模工作流,,yes,3/3,0.8
cn-all-remaining-0433-48b9ac95,人民币固收组合估值、联合压力与调仓放行审计,分类,financial-risk-management,Financial Risk Management Software,,yes,2/3,0.56
cn-all-remaining-0434-09bdddd7,途中跑/最大速度候选步态后支撑/离地准备重新伸展时序、出口状态与下一循环闭合分析,分类,x-motion-capture-biomechanics-lab,Motion Capture / Biomechanics Lab Software — 动捕采集与肌骨建模工作流,,yes,3/3,0.88
cn-all-remaining-0435-cb32ec24,商业车险逐赔案准备金评估、随机分布与资本充足性自动化闭环,分类,insurance-claims-management,Insurance Claims Management Software,,yes,3/3,0.65
cn-all-remaining-0436-8f2d8149,途中跑/最大速度候选步态腾空全身层重叠事件图、腿交换与下一触地重定位分析,分类,x-motion-capture-biomechanics-lab,Motion Capture / Biomechanics Lab Software — 动捕采集与肌骨建模工作流,,yes,3/3,0.88
cn-all-remaining-0437-3f3825f9,企业财产险多币种赔案准备金、再保险分摊与资本压力测试复核,分类,insurance-claims-management,Insurance Claims Management Software,,yes,3/3,0.65
cn-all-remaining-0438-8bd2d962,跨境电商多源CDC湖仓重放、SCD2与财务对账发布准入,分类,e-commerce-platforms,E-Commerce Platforms,,yes,3/3,0.52
cn-all-remaining-0439-e36f8864,工业园区微电网日前调度、N-1韧性与方案放行评估,分类,supervisory-control-and-data-acquisition-scada,Supervisory Control and Data Acquisition (SCADA) Software,,yes,2/3,0.65
cn-all-remaining-0440-a3ce5637,三级医院既有综合楼近零能耗改造与绿色建筑三星预评估,分类,energy-management,Energy Management Software,,yes,2/3,0.65
cn-all-remaining-0441-8ac911fe,工业园区微电网多时段潮流、储能调度与N-1保护配合复核,分类,supervisory-control-and-data-acquisition-scada,Supervisory Control and Data Acquisition (SCADA) Software,,yes,2/3,0.63
cn-all-remaining-0442-86e060cb,5G园区网络MR/路测/告警融合、覆盖容量与参数优化复核,分类,network-management-tools,Network Management Tools,,yes,2/3,0.57
cn-all-remaining-0443-dc5f61f5,    300mm晶圆刻蚀工艺漂移、SPC/FDC根因分析与批次放行    ,分类,manufacturing-execution-system,Manufacturing Execution System (MES) Software,,yes,3/3,0.7
cn-all-remaining-0444-8561ae74,晶圆厂多站点SPC、良率归因与工艺窗口优化复核,分类,manufacturing-execution-system,Manufacturing Execution System (MES) Software,,yes,3/3,0.7
cn-all-remaining-0445-75064ea0,多租户微服务配置溯源、契约门禁与受控发布计划复核,分类,configuration-management,Configuration Management Tools,,unsure,2/3,0.45
cn-all-remaining-0446-824b7977,LX-217无菌冻干注射剂工艺验证、稳定性趋势、OOS/OOT调查与批次放行,分类,lims,LIMS Software,,yes,2/3,0.45
cn-all-remaining-0447-8b6c01c6,近海风机塔筒监测控制器电气架构综合与可执行验证,分类,systems-engineering-and-mbse,Systems Engineering & MBSE Tools,,yes,3/3,0.35
cn-all-remaining-0448-dfc6984c,车载通信与边缘计算单元结构方案级联合校核,分类,simulation-cae,Simulation & CAE Software,,yes,2/3,0.4
cn-all-remaining-0449-c6b07660,高密度信号处理整机热流—振动—BGA压紧多物理协同设计,分类,simulation-cae,Simulation & CAE Software,,yes,3/3,0.4
cn-all-remaining-0450-cdd63c3c,1500 V 浮地母线采样板绝缘协调与布局 DRC,分类,pcb-design,PCB Design Software,,yes,3/3,0.52
cn-all-remaining-0451-0d05beaf,HS-6000 硬件接口合同编译与可追溯软件需求工程,分类,requirements-management,Requirements Management Software,,yes,3/3,0.4
cn-all-remaining-0452-5e88f7b8,玄枢-M4安全控制内核、通信协议与故障注入 HIL 验证,分类,x-test-bench-daq,Test Bench / Data Acquisition Software — 台架试验的多通道采集与回放,,yes,2/3,0.35
cn-all-remaining-0453-ba71e11e,修复 Nacos 集群 TCP 健康检查 SocketChannel 资源泄漏与 hasMember IP 前缀误匹配,分类,source-code-management,Source Code Management Software,,yes,2/3,0.68
cn-all-remaining-0454-9372c08f,审计 NH3/Si 几何优化输入的完整性,分类,x-atomistic-simulation-package,Atomistic / Molecular Simulation Package — 分子动力学与第一性原理计算,,yes,3/3,0.65
cn-all-remaining-0457-b003c365,雨水管道增容改造设计与工程费优化,分类,civil-engineering-design,Civil Engineering Design Software,,yes,2/3,0.52
cn-all-remaining-0459-8e14ff87,分析 Cu/a-SiO2 晶格稳态温度剖面,分类,x-atomistic-simulation-package,Atomistic / Molecular Simulation Package — 分子动力学与第一性原理计算,,yes,3/3,0.7
cn-all-remaining-0461-49aebc48,计算左侧界面的积分谱热导,分类,x-atomistic-simulation-package,Atomistic / Molecular Simulation Package — 分子动力学与第一性原理计算,,yes,3/3,0.65
cn-all-remaining-0462-529c73fd,审计粗糙界面左右谱热导的能流一致性,分类,x-atomistic-simulation-package,Atomistic / Molecular Simulation Package — 分子动力学与第一性原理计算,,yes,2/2,0.68
cn-all-remaining-0468-f15a443c,计算 GaN/金刚石界面的稳态温降,分类,x-atomistic-simulation-package,Atomistic / Molecular Simulation Package — 分子动力学与第一性原理计算,,yes,2/2,0.7
cn-all-remaining-0469-86e80d53,某工业园道路照明工程量、回路分组与逐灯追溯核验包编制,分类,general-purpose-cad,General-Purpose CAD Software,,yes,2/2,0.73
cn-all-remaining-0470-3db56cb3,中空长航时固定翼无人机控制律设计要求编制,分类,systems-engineering-and-mbse,Systems Engineering & MBSE Tools,,no,2/2,0.53
cn-all-remaining-0471-0d77c114,双变量同步性组合三角热力图,分类,x-research-dataset-repository,Research Dataset Repository — 公开数据集下载页与元数据,,yes,2/2,0.55
cn-all-remaining-0472-0ae1c4b2,基于带噪数据的水下机器人垂向参数辨识与定深控,分类,robotic-simulation-software,Robotic Simulation Software,,no,2/2,0.57
cn-all-remaining-0473-afcf860c,小鼠皮层蛋白质组学基因型分类,分类,x-research-dataset-repository,Research Dataset Repository — 公开数据集下载页与元数据,,yes,2/2,0.9
cn-all-remaining-0474-6ffc068e,SRU 硫磺回收装置尾气浓度软测量,分类,x-research-dataset-repository,Research Dataset Repository — 公开数据集下载页与元数据,,yes,2/2,0.88
cn-all-remaining-0479-abb9f7a8,可穿戴IoT人体活动识别6分类,分类,x-research-dataset-repository,Research Dataset Repository — 公开数据集下载页与元数据,,yes,2/2,0.9
cn-all-remaining-0480-62388124,修复 RocketMQ ConsumeQueueStore 中 deleteTopic 与 FlushConsumeQueueService 的竞态导致已删除 Topic 被重新,分类,source-code-management,Source Code Management Software,,yes,2/2,0.88
cn-all-remaining-0485-3b1847ee,环境噪声源分布反演,分类,x-seismic-waveform-data-center,Seismic Waveform Data Center — 台站波形与事件目录检索,,no,2/2,0.48
cn-all-remaining-0486-21dd301a,多源水面波干涉反演,分类,simulation-cae,Simulation & CAE Software,,no,2/2,0.45
cn-all-remaining-0487-ea176e74,载流折线路径磁场计算、圆环收敛与协变审计,分类,simulation-cae,Simulation & CAE Software,,no,3/3,0.48
cn-all-remaining-0488-efcb609a,变介电二维静电边界值求解与等势线拓扑审计,分类,simulation-cae,Simulation & CAE Software,,no,3/3,0.48
cn-all-remaining-0489-dacccbb8,相关性网络图与VIF雷达图组合图,分类,x-research-dataset-repository,Research Dataset Repository — 公开数据集下载页与元数据,,yes,2/3,0.48
cn-all-remaining-0490-91ffdc27,修复 RocketMQ 异步 request-reply 中 RequestCallback 可能被多次触发的竞态与过早回调问题,分类,version-control-hosting,Version Control Hosting Software,,yes,2/3,0.67
cn-all-remaining-0491-aa4d5cc1,规则状态接口规范化实现与兼容验证,分类,api-development,API Development Tools,,no,2/3,0.47
cn-all-remaining-0492-97cc5e1a,服务层图片复制变更规则审查,分类,peer-code-review,Peer Code Review Software,,no,3/3,0.48
cn-all-remaining-0493-755ec260,工作台路由耗时观测与诊断端点,分类,application-performance-monitoring-apm,Application Performance Monitoring (APM) Tools,,no,3/3,0.5
cn-all-remaining-0494-1a9218c7,电脑配件采购清单规范化,分类,procurement,Procurement Software,,no,3/3,0.48
cn-all-remaining-0495-5d0e7157,方案联审列表状态与年份排序,分类,project-and-portfolio-management,Project and Portfolio Management Software,,no,2/3,0.45
cn-all-remaining-0501-29fe7995,途中跑摆动链连续相对相位、多时钟耦合与稳健评分分析,分类,x-motion-capture-biomechanics-lab,Motion Capture / Biomechanics Lab Software — 动捕采集与肌骨建模工作流,,yes,3/3,0.85
cn-all-remaining-0502-7f719b5c,触地准备与支撑链主导模式、突变与转换矩阵分析,分类,x-motion-capture-biomechanics-lab,Motion Capture / Biomechanics Lab Software — 动捕采集与肌骨建模工作流,,yes,3/3,0.85
cn-all-remaining-0503-d5a09c46,前摆—下压及支撑—回收双转移时滞互相关、相位同步与替代检验分析,分类,x-motion-capture-biomechanics-lab,Motion Capture / Biomechanics Lab Software — 动捕采集与肌骨建模工作流,,yes,3/3,0.85
cn-all-remaining-0504-94a7394f,不同动作相位转移入口正则化 CCA、嵌套来源档案留出与转移兼容性分析,分类,x-motion-capture-biomechanics-lab,Motion Capture / Biomechanics Lab Software — 动捕采集与肌骨建模工作流,,yes,3/3,0.85
cn-all-remaining-0505-467c6f39, 不同动作相位下多通道功能 PLS、嵌套来源试次留出与下游步速关联分析,分类,x-motion-capture-biomechanics-lab,Motion Capture / Biomechanics Lab Software — 动捕采集与肌骨建模工作流,,yes,3/3,0.85
cn-all-remaining-0506-090a089f,起跑连续加速步低维状态空间、嵌套模型竞争与异常转移分析,分类,x-motion-capture-biomechanics-lab,Motion Capture / Biomechanics Lab Software — 动捕采集与肌骨建模工作流,,yes,3/3,0.85
cn-all-remaining-0507-8754c588,连续途中跑候选策略 HMM、切换动力学、标签对齐与模式可识别性分析,分类,x-motion-capture-biomechanics-lab,Motion Capture / Biomechanics Lab Software — 动捕采集与肌骨建模工作流,,yes,3/3,0.85
cn-all-remaining-0508-3c61f735,修复Alibaba Nacos TCP健康检查SocketChannel资源泄漏及集群成员IP前缀误匹配问题,分类,version-control-hosting,Version Control Hosting Software,,yes,3/3,0.82
cn-all-remaining-0509-6e152030,修复Apache SeaTunnel文件连接器读取空目录时Schema和分区推断越界的问题,分类,version-control-hosting,Version Control Hosting Software,,yes,3/3,0.82
cn-all-remaining-0510-d49cdf96,干涉仪参数与不确定性反演,分类,x-test-bench-daq,Test Bench / Data Acquisition Software — 台架试验的多通道采集与回放,,yes,3/3,0.53
cn-all-remaining-0511-fb2679a9,多事件绝对到时—全台对 TDOA 稳健联合定位与退化审计,分类,x-seismic-waveform-data-center,Seismic Waveform Data Center — 台站波形与事件目录检索,,yes,2/3,0.5
cn-all-remaining-0512-6dc90b5b,牛顿环曲率半径测量,分类,x-test-bench-daq,Test Bench / Data Acquisition Software — 台架试验的多通道采集与回放,,yes,3/3,0.53
cn-all-remaining-0513-987196c7,单缝衍射缝宽测量,分类,x-test-bench-daq,Test Bench / Data Acquisition Software — 台架试验的多通道采集与回放,,yes,3/3,0.53
cn-all-remaining-0514-6eab7459,单波长等厚干涉膜厚级次反演与可辨识性评估,分类,x-test-bench-daq,Test Bench / Data Acquisition Software — 台架试验的多通道采集与回放,,yes,3/3,0.53
cn-all-remaining-0516-ba0a9cec,离线高频名词提取与文档替换,分类,text-analysis,Text Analysis Software,,no,3/3,0.58
cn-all-remaining-0517-2782f9c8,RAG 多路检索参数接入,分类,ai-search-retrieval-infrastructure-platforms,AI Search & Retrieval Infrastructure Platforms Software,,no,3/3,0.42
cn-all-remaining-0518-b6641c0c,报告文件下载链路说明与模拟验证,分类,document-management,Document Management Software,,no,3/3,0.37
cn-all-remaining-0519-5bc55e58,工具钩子超时与停止响应修复,分类,ai-coding-assistants,AI Coding Assistants Software,,no,2/3,0.42
cn-all-remaining-0520-ef6218a4,网络协议轨迹回放与混合流量验证,分类,network-traffic-analysis-nta,Network Traffic Analysis (NTA) Software,,no,3/3,0.4
cn-all-remaining-0521-3123bf8c,开发工具多配置档切换插件,分类,integrated-development-environments-ide,Integrated Development Environments (IDE),,no,3/3,0.42
cn-all-remaining-0522-9576dc11,ERP SQL 宏用户上下文与缓存治理,分类,erp-systems,ERP Systems,,no,3/3,0.42
cn-all-remaining-0523-6e6f046e,调用边源证据对象优先报告,分类,static-code-analysis,Static Code Analysis Tools,,no,3/3,0.42
cn-all-remaining-0524-a56ec68a,评论列表与管理操作页,分类,commenting-systems,Commenting Systems,,no,3/3,0.55
cn-all-remaining-0525-220a5eb2,批量促销页不可编辑折扣分流,分类,trade-promotion-management,Trade Promotion Management Software,,no,3/3,0.45
cn-all-remaining-0526-5b9b4b49,BattlePass首次打开数据时序与冗余清理,分类,game-development,Game Development Software,,no,2/3,0.47
cn-all-remaining-0527-62c2bf93,表单结构加密与发布态缓存治理,分类,online-form-builder,Online Form Builder Software,,no,3/3,0.37
cn-all-remaining-0528-305959c2,发布申请补丁表单与类型字段联动,分类,application-release-orchestration,Application Release Orchestration (ARO) Tools,,no,3/3,0.48
cn-all-remaining-0529-c2ec96cc,任意载流路径三维磁场计算、拓扑异常与矢量协变验证,分类,simulation-cae,Simulation & CAE Software,,no,3/3,0.43
cn-all-remaining-0530-22ffde1c,有限正弦振幅光栅复场反演与积分衍射效率评估,分类,x-test-bench-daq,Test Bench / Data Acquisition Software — 台架试验的多通道采集与回放,,yes,3/3,0.58
cn-all-remaining-0531-c5738f5e,等倾干涉光学厚度反演、板厚锚定与参数可辨识性分析,分类,x-test-bench-daq,Test Bench / Data Acquisition Software — 台架试验的多通道采集与回放,,yes,3/3,0.58
cn-all-remaining-0532-b9206571,连续抛体轨迹事件求根、遗留帧判定迁移与可行包络分析,分类,physics-engine,Physics Engine Software,,unsure,3/3,0.42
cn-all-remaining-0533-bec00c07,历史 SEG-Y 空值语义取证、Rev1 规范化与逐样点回环验证,分类,x-seismic-waveform-data-center,Seismic Waveform Data Center — 台站波形与事件目录检索,,yes,2/3,0.63
cn-all-remaining-0534-85915e5c,非规则缺道地震重建、防混叠选择与预测不确定性校准,分类,x-seismic-processing-workstation,Seismic Interpretation / Processing Workstation — 道集处理与解释,,yes,2/3,0.65
cn-all-remaining-0535-5d4acc7c,时变子波盲估计、稀疏反射联合反演与预测区间校准,分类,x-seismic-processing-workstation,Seismic Interpretation / Processing Workstation — 道集处理与解释,,yes,2/3,0.65
cn-all-remaining-0536-1532ccc9,变深度拖缆鬼波参数联合反演、稳定去鬼波与实测陷波审计,分类,x-seismic-processing-workstation,Seismic Interpretation / Processing Workstation — 道集处理与解释,,yes,2/3,0.63
cn-all-remaining-0537-da51a5f5,多分量极性—方位联合旋转与单调 PP/PS 配准,分类,x-seismic-processing-workstation,Seismic Interpretation / Processing Workstation — 道集处理与解释,,yes,2/3,0.63
cn-all-remaining-0538-818df7fa,速度模型不确定性下的衍射偏移、聚焦稳定性与模型选择,分类,x-seismic-processing-workstation,Seismic Interpretation / Processing Workstation — 道集处理与解释,,yes,2/3,0.65
cn-all-remaining-0539-93bf92c9,阵列模态分解与传播事件检测,分类,x-test-bench-daq,Test Bench / Data Acquisition Software — 台架试验的多通道采集与回放,,yes,2/3,0.47
cn-all-remaining-0540-2410250a,分数时钟校正与双源解混,分类,x-seismic-processing-workstation,Seismic Interpretation / Processing Workstation — 道集处理与解释,,yes,2/3,0.55
cn-all-remaining-0541-ec370512,Gabor 反褶积核的确定性流式 Python 迁移,分类,x-seismic-processing-workstation,Seismic Interpretation / Processing Workstation — 道集处理与解释,,yes,2/3,0.55
cn-all-remaining-0542-6307f698,病态复数 f-p 岭求解器的 NumPy 迁移与逐频率审计,分类,x-seismic-processing-workstation,Seismic Interpretation / Processing Workstation — 道集处理与解释,,yes,2/3,0.53
cn-all-remaining-0543-32a6e969,非均匀坐标局部 tau-p 正演/伴随的内存安全迁移,分类,x-seismic-processing-workstation,Seismic Interpretation / Processing Workstation — 道集处理与解释,,yes,2/3,0.55
cn-all-remaining-0544-5552abfc,Kirchhoff 与相移偏移的统一 Python API 迁移,分类,x-seismic-processing-workstation,Seismic Interpretation / Processing Workstation — 道集处理与解释,,yes,2/3,0.55
cn-all-remaining-0545-a5793990,SEG-Y Rev0/Rev1 流式 CLI 重写与字节白名单审计,分类,x-seismic-processing-workstation,Seismic Interpretation / Processing Workstation — 道集处理与解释,,yes,2/3,0.63
cn-all-remaining-0546-f56c3e5b,三维稀疏体迭代插值的无缝块并行迁移,分类,x-seismic-processing-workstation,Seismic Interpretation / Processing Workstation — 道集处理与解释,,yes,2/3,0.52
cn-all-remaining-0547-16404817,CMP多视图NMO、semblance与选区质量控制工作台,分类,x-seismic-processing-workstation,Seismic Interpretation / Processing Workstation — 道集处理与解释,,yes,2/3,0.65
cn-all-remaining-0548-d86866df,原始CMP速度谱计算、多拾取与NMO预览实验台,分类,x-seismic-processing-workstation,Seismic Interpretation / Processing Workstation — 道集处理与解释,,yes,2/3,0.65
cn-all-remaining-0549-710f8d1a,多道拖缆深度去鬼波频谱诊断与稳定逆滤波工作台,分类,x-seismic-processing-workstation,Seismic Interpretation / Processing Workstation — 道集处理与解释,,yes,2/3,0.65
cn-all-remaining-0550-b00a2d84,偏移速度—孔径聚焦参数沙盒与多指标选择工作台,分类,x-seismic-processing-workstation,Seismic Interpretation / Processing Workstation — 道集处理与解释,,yes,2/3,0.6
cn-all-remaining-0551-757676d5,多分量偏振旋转、极性与PP/PS非线性配准检查器,分类,x-seismic-processing-workstation,Seismic Interpretation / Processing Workstation — 道集处理与解释,,yes,2/3,0.62
cn-all-remaining-0552-9ca580f7,地震处理DAG溯源、参数差异与质量风险传播工作台,分类,x-hpc-job-scheduler,HPC Cluster / Job Scheduler Portal — 作业提交队列与算例日志,,unsure,1/3,0.43
cn-all-remaining-0553-14dfdc04,AVO截距—梯度WLS、Bootstrap区间与情景不确定性交互分析器,分类,x-seismic-processing-workstation,Seismic Interpretation / Processing Workstation — 道集处理与解释,,unsure,3/3,0.55
cn-all-remaining-0554-5033ba94,真实三维地震体结构属性与尺度稳定性审计,分类,x-seismic-processing-workstation,Seismic Interpretation / Processing Workstation — 道集处理与解释,,yes,3/3,0.8
cn-all-remaining-0555-369c78bc,井震时深PCHIP、子波相位与残差闭合交互工作台,分类,x-seismic-processing-workstation,Seismic Interpretation / Processing Workstation — 道集处理与解释,,yes,3/3,0.65
cn-all-remaining-0556-376c3f15,地震 Q 衰减趋势反演、因果相位闭合与稳定逆 Q 补偿,分类,x-seismic-processing-workstation,Seismic Interpretation / Processing Workstation — 道集处理与解释,,unsure,3/3,0.53
cn-all-remaining-0557-1a82cfc1,地表相关多次波预测的时变匹配、保护相减与闭合审计,分类,x-seismic-processing-workstation,Seismic Interpretation / Processing Workstation — 道集处理与解释,,unsure,3/3,0.6
cn-all-remaining-0558-8ef62de9,VTI 弹性波场 qP/qSV 模态分离、极化协变与边界伪影审计,分类,x-seismic-processing-workstation,Seismic Interpretation / Processing Workstation — 道集处理与解释,,unsure,3/3,0.52
cn-all-remaining-0559-a1c8015d,稀疏首波走时层析、固定留出验证与分辨率后验分析,分类,x-seismic-processing-workstation,Seismic Interpretation / Processing Workstation — 道集处理与解释,,unsure,3/3,0.53
cn-all-remaining-0560-00181d52,低秩、稀疏、传播相干与随机残差四分量联合分解,分类,x-seismic-processing-workstation,Seismic Interpretation / Processing Workstation — 道集处理与解释,,unsure,3/3,0.48
cn-all-remaining-0561-45e9cbd1,速度模型推理的独立不确定性校准、OOD风险排序与无缝分块审计,分类,x-seismic-processing-workstation,Seismic Interpretation / Processing Workstation — 道集处理与解释,,unsure,2/3,0.45
cn-all-remaining-0562-ed5ba58d,多测区地震全局极性、分数时移统一与真实差异保护,分类,x-seismic-processing-workstation,Seismic Interpretation / Processing Workstation — 道集处理与解释,,unsure,3/3,0.55
cn-all-remaining-0563-ec4167d9,三维地震体正交切片、稳定拾取与解释状态恢复工作台,分类,x-seismic-processing-workstation,Seismic Interpretation / Processing Workstation — 道集处理与解释,,unsure,3/3,0.72
cn-all-remaining-0564-0ebc10e7,C遗留二维声波有限差分核的边界安全迁移、checkpoint与色散审计,分类,x-seismic-processing-workstation,Seismic Interpretation / Processing Workstation — 道集处理与解释,,unsure,2/3,0.4
cn-all-remaining-0565-02890366,压力相关裂缝介质双模型贝叶斯联合反演与可辨识性审计,分类,x-test-bench-daq,Test Bench / Data Acquisition Software — 台架试验的多通道采集与回放,,yes,3/3,0.55
cn-all-remaining-0566-a2d8c1d9,非规则阵列CLEAN面波抑制、留出验证与联合停止审计,分类,x-seismic-processing-workstation,Seismic Interpretation / Processing Workstation — 道集处理与解释,,yes,2/3,0.48
cn-all-remaining-0567-73a84050,会议房间共享面板交互补全,分类,video-conferencing,Video Conferencing Software,,no,2/3,0.38
cn-all-remaining-0568-b3b26f42,单页面分屏容器与本地主机路由,分类,mobile-development,Mobile Development Software,,no,2/3,0.3
cn-all-remaining-0569-c3506d3d,移动端飞行输入与摇杆冲突修复,分类,game-development,Game Development Software,,no,3/3,0.4
cn-all-remaining-0570-aca01108,画中画视频服务配置收敛,分类,ai-video-generators,AI Video Generators,,no,3/3,0.42
cn-all-remaining-0571-fb7a5b3f,首页模板移动端头部一致性,分类,website-builder,Website Builder Software,,no,3/3,0.33
cn-all-remaining-0572-5e9cacdd,工单分析表结构与查询索引落地,分类,help-desk,Help Desk Software,,no,2/3,0.32
cn-all-remaining-0573-4839dd74,图像素材批量低损导出,分类,image-optimization,Image Optimization Software,,no,3/3,0.43
cn-all-remaining-0574-b060150c,KV 剪枝融合的性能与精度回归,分类,x-ml-experiment-tracking,ML Experiment Tracking / Model Registry — 逐 run 指标对比与模型版本,,no,2/3,0.38
cn-all-remaining-0575-7854ceff,MassBattleKit 一万人规模能力收口,分类,game-engine,Game Engine Software,,no,2/3,0.38
cn-all-remaining-0576-f1a9f22f,文档库列表补充文件大小与上传提示,分类,document-management,Document Management Software,,no,3/3,0.4
cn-all-remaining-0577-09649bc4,账户状态枚举与接口契约统一,分类,identity-and-access-management-iam,Identity and Access Management (IAM) Software,,no,2/3,0.37
cn-all-remaining-0578-e86fdf1b,工单投影查询语义与索引清理,分类,help-desk,Help Desk Software,,no,3/3,0.35
cn-all-remaining-0579-dc07c355,RTL 仿真回归失败收敛：状态迁移与终态校验,分类,software-testing,Software Testing Tools,,no,1/3,0.3
cn-all-remaining-0580-76602658,折扣页面可编辑模式识别与分流：路由与权限接通核验,分类,e-commerce-tools,E-Commerce Tools,,no,2/3,0.38
cn-all-remaining-0581-e08e758f,客户申请地区字段同步：画布边界与矩形校验,分类,erp-systems,ERP Systems,,no,3/3,0.47
cn-all-remaining-0582-4188ca1d,战斗伤害零值回归修复：字段投影与精确拒绝,分类,game-development,Game Development Software,,no,2/3,0.42
cn-all-remaining-0583-17788e34,静态路由确保与清理接口：事件生命周期一致性,分类,network-automation-tools,Network Automation Tools,,no,3/3,0.42
cn-all-remaining-0584-e9203330,统一共享布局格与读写投影重构：路由与权限接通核验,分类,data-modeling,Data Modeling,,no,3/3,0.25
cn-all-remaining-0585-7aeec106,评测数据清单生成脚本：清单摘要与字节统计,分类,machine-learning-data-catalog,Machine Learning Data Catalog Software,,no,3/3,0.4
cn-all-remaining-0586-a05e26cb,发布包来源门禁扩展与摘录验证：依赖计划与阻断诊断,分类,software-supply-chain-security-tools,Software Supply Chain Security Solutions,,no,3/3,0.48
cn-all-remaining-0587-8e9e5ec2,递归见证生产者消费者边契约：字段投影与精确拒绝,分类,static-code-analysis,Static Code Analysis Tools,,no,3/3,0.43
cn-all-remaining-0588-2b3a5bb1,质量问题类型归纳与避免措施表：文档证据排序与截取,分类,quality-management-qms,Quality Management Systems (QMS),,no,3/3,0.42
cn-all-remaining-0589-34113feb,Agent 工作台能力矩阵：字段投影与精确拒绝,分类,ai-agent-builders,AI Agent Builders Software,,no,3/3,0.48
cn-all-remaining-0590-9647ec18,受控提交路径与别名隔离规则完善：字段投影与精确拒绝,分类,version-control-software,Version Control Software,,no,2/3,0.52
cn-all-remaining-0591-34a6f98a,文档库上传弹窗重构：路由与权限接通核验,分类,document-management,Document Management Software,,no,3/3,0.47
cn-all-remaining-0592-858b62fe,章节预览 Markdown 格式保真修复：路由与权限接通核验,分类,document-management,Document Management Software,,no,2/3,0.4
cn-all-remaining-0593-f9a3598c,因子数据集生成链路梳理：字段投影与精确拒绝,分类,financial-data-apis,Financial Data APIs,,no,2/3,0.38
cn-all-remaining-0594-0e93fd4c,Word考核表原生与HTML渲染模式整合：字段投影与精确拒绝,分类,document-generation,Document Generation Software,,no,3/3,0.5
cn-all-remaining-0595-3da51d53,绳体与绳头配色美术验收应用：路由与权限接通核验,分类,game-development,Game Development Software,,no,3/3,0.48
cn-all-remaining-0596-3cbe5e02,桌面编辑器流式代理会话与工具进度：路由与权限接通核验,分类,ai-coding-assistants,AI Coding Assistants Software,,no,3/3,0.47
cn-all-remaining-0597-a89824be,浮空岛地块加成与击退战斗系统：字段投影与精确拒绝,分类,game-development,Game Development Software,,no,3/3,0.58
cn-all-remaining-0598-655c2894,文稿侧栏工具暴露与内容类型门禁：字段投影与精确拒绝,分类,ai-writing-assistant,AI Writing Assistants,,no,3/3,0.4
cn-all-remaining-0599-83c0cf1e,自定义侧栏切换菜单与响应式显示：路由与权限接通核验,分类,mobile-development,Mobile Development Software,,no,2/3,0.42
cn-all-remaining-0600-e18062ab,员工详情标签选择弹层：字段投影与精确拒绝,分类,core-hr,Core HR Software,,no,3/3,0.43
cn-all-remaining-0601-a91506be,运行宿主组件落地：字段投影与精确拒绝,分类,data-mapping,Data Mapping Software,,no,2/3,0.4
cn-all-remaining-0602-6ec5492d,表单资源解密与SQL宏缓存隔离：缓存与源值一致性核验,分类,online-form-builder,Online Form Builder Software,,no,2/3,0.38
cn-all-remaining-0603-966a0fae,SIO 线程卡死修复：风险边界与处置分级,分类,bug-tracking,Bug Tracking Software,,no,3/3,0.38
cn-all-remaining-0604-15615a60,数据表到Unity脚本的独立导出工具：字段投影与精确拒绝,分类,game-development,Game Development Software,,no,3/3,0.35
cn-all-remaining-0605-8adc3d8f,服务组件构造异常定位：时间窗口边界分类,分类,log-analysis,Log Analysis Software,,no,2/3,0.37
cn-all-remaining-0606-2a5f0d02,维修工单人员名称补全：状态迁移合同核验,分类,field-service-management,Field Service Management Software,,no,3/3,0.47
cn-all-remaining-0607-f9396fd1,本地视频目标检测工具升级：采样窗口与阈值判定,分类,image-recognition,Image Recognition Software,,no,3/3,0.37
cn-all-remaining-0608-a7575ce7,知识检索结果下钻与回答证据联动：文档证据排序与截取,分类,ai-search-and-discovery-platforms,AI Search  and Discovery Platforms Software,,no,2/3,0.38
cn-all-remaining-0609-f7beb4d8,多供应商摄像头同步分层设计：采样窗口与阈值判定,分类,video-surveillance,Video Surveillance Software,,no,2/3,0.35
cn-all-remaining-0610-e98822a0,结构化交接显式标记与审计链：风险边界与处置分级,分类,ai-agent-observability,AI Agent Observability Software,,no,2/3,0.35
cn-all-remaining-0611-859ee5f2,组件样式管理回归修复：字段投影与精确拒绝,分类,design-systems,Design Systems Software,,no,3/3,0.43
cn-all-remaining-0612-989169dd,多对手智能体联赛评测脚本：加权评分与缺项拒绝,分类,ai-software-testing-tools,AI Software Testing Tools,,no,1/3,0.37
cn-all-remaining-0613-5494b016,视频水印自适应缩放与横向摆动：采样窗口与阈值判定,分类,video-effects,Video Effects Software,,no,2/3,0.47
cn-all-remaining-0614-72046a0a,寄存器工作台架构审计与最小修复：路由与权限接通核验,分类,enterprise-architecture-tools,Enterprise Architecture Tools,,no,2/3,0.37
cn-all-remaining-0615-3b85ed21,低延迟视频播放器生命周期与缓冲治理：字段投影与精确拒绝,分类,video-platform-as-a-service-vpaas,Video Platform as a Service (VPaaS) Software,,no,2/3,0.43
cn-all-remaining-0616-04e64d59,服务器列表起始端口异步展示：缓存与源值一致性核验,分类,server-monitoring,Server Monitoring Software,,no,2/3,0.4
cn-all-remaining-0617-b2d4b673,推理剪枝性能优化验证：字段投影与精确拒绝,分类,x-ml-experiment-tracking,ML Experiment Tracking / Model Registry — 逐 run 指标对比与模型版本,,no,2/3,0.48
cn-all-remaining-0618-a217bf7e,工单查询语句与索引收紧：检索分页与越界诊断,分类,relational-databases,Relational Databases,,no,3/3,0.4
cn-all-remaining-0619-2928718d,第三章剧情梗概与人物线修订：采样窗口与阈值判定,分类,screenwriting,Screenwriting Software,,no,3/3,0.55
cn-all-remaining-0620-e58676dc,CrazyGames 云存档接入与发布门禁：版本字段差异与约束,分类,x-game-liveops-console,Game Engine Editor / LiveOps Admin Console — 游戏内容编辑器或运营后台,,no,2/3,0.48
cn-all-remaining-0621-c04fc018,设备与芯片映射增删改校验,分类,iot-device-management-platforms,IoT Device Management Platforms,,no,2/3,0.38
cn-all-remaining-0622-f1aaea49,采购辅助评审触发与评分契约,分类,procurement,Procurement Software,,no,3/3,0.52
cn-all-remaining-0623-d2bfa16f,会话分享与消息反馈：接口载荷适配验证,分类,ai-chatbots,AI Chatbots Software,,no,3/3,0.43
cn-all-remaining-0624-0d5850a4,Markdown 正文异常断行审计,分类,static-code-analysis,Static Code Analysis Tools,,no,3/3,0.38
cn-all-remaining-0625-c4a941f4,设备通信架构文档裁剪与一致性审计,分类,enterprise-architecture-tools,Enterprise Architecture Tools,,no,3/3,0.55
cn-all-remaining-0626-bcc9f2e4,文档修订缺失材料短路与证据选择,分类,document-management,Document Management Software,,no,3/3,0.53
cn-all-remaining-0627-1a5d9548,径向折线图,分类,x-research-dataset-repository,Research Dataset Repository — 公开数据集下载页与元数据,,yes,1/3,0.52
cn-all-remaining-0628-3c1ec98a,回归模型性能综合对比分析图,分类,x-research-dataset-repository,Research Dataset Repository — 公开数据集下载页与元数据,,yes,1/3,0.45
cn-all-remaining-0634-24ab0d4d,径向花瓣图,分类,data-visualization-tools,Data Visualization Tools,,no,3/3,0.55
cn-all-remaining-0637-af7e9678,梯度提升回归模型性能综合诊断图,分类,x-materials-property-database,Materials Property Database — 材料结构与性质检索库,,yes,2/3,0.62
cn-all-remaining-0638-0c7751f3,构建 EIA Texas 2024 发电机生命周期与运营对账审计产品,分类,x-government-statistics-portal,Government Statistics / Open Data Portal — 官方统计与开放数据查询,,yes,3/3,0.9
cn-all-remaining-0639-858c15f4,构建 EIA-EPA 2023 发电机发电量重建与 eGRID 跨机构审计数据产品,分类,x-government-statistics-portal,Government Statistics / Open Data Portal — 官方统计与开放数据查询,,yes,3/3,0.9
cn-all-remaining-0642-a70454dd,构建 OFAC SDN 多语身份图谱与三格式制裁数据合规审计产品,分类,x-regulatory-registry,Regulatory Registry / Compliance Filing Database — 备案与合规申报检索库,,yes,3/3,0.9
cn-all-remaining-0644-6f64bd2d,FDIC/FFIEC 商业地产集中度、机构连续性与发布修订审计,分类,x-regulatory-registry,Regulatory Registry / Compliance Filing Database — 备案与合规申报检索库,,yes,2/3,0.85
cn-all-remaining-0646-cc7e1cbd,RDA冗余分析排序图,分类,x-research-dataset-repository,Research Dataset Repository — 公开数据集下载页与元数据,,yes,2/3,0.6
cn-all-remaining-0647-88d372e4,XGBoost多分类模型综合性能评估与SHAP可解释性分析组合图,分类,machine-learning,Machine Learning Software,,unsure,2/3,0.4
cn-all-remaining-0649-f4bed7ef,构建 USGS 2024 地震影响产品发布血缘与版本修订审计,分类,x-seismic-waveform-data-center,Seismic Waveform Data Center — 台站波形与事件目录检索,,yes,3/3,0.5
cn-all-remaining-0651-88bde7d0,构建 FRA Cook County 道口生命周期、事故时点与 ENS 监管审计数据产品,分类,x-regulatory-registry,Regulatory Registry / Compliance Filing Database — 备案与合规申报检索库,,yes,3/3,0.65
cn-all-remaining-0653-d8ed86b4,配对云雨图,分类,spreadsheets,Spreadsheets Software,,unsure,2/3,0.53
cn-all-remaining-0654-3faaf48b,MOF MatterSim 弹性常数矩阵与体模量 benchmark 验证,分类,x-materials-property-database,Materials Property Database — 材料结构与性质检索库,,yes,3/3,0.6
cn-all-remaining-0655-46597c07,MOF MatterSim E-V 曲线与体模量拟合 benchmark 验证,分类,x-materials-property-database,Materials Property Database — 材料结构与性质检索库,,yes,3/3,0.6
cn-all-remaining-0656-39075a94,MOF MatterSim 势函数热容与自由能 benchmark 验证,分类,x-materials-property-database,Materials Property Database — 材料结构与性质检索库,,yes,3/3,0.58
cn-all-remaining-0657-35acc768,超硬材料逆向设计论文的证据化审稿回复与修订矩阵编制,分类,document-management,Document Management Software,,unsure,3/3,0.32
cn-all-remaining-0658-a24a0d9e,面向审稿回复的超硬碳材料弹性张量、VRH 模量与硬度证据复核,分类,x-atomistic-simulation-package,Atomistic / Molecular Simulation Package — 分子动力学与第一性原理计算,,yes,2/3,0.58
cn-all-remaining-0659-ed12deb7,材料计算论文返修包的回复信—正文—补充材料跨文档一致性审计,分类,document-management,Document Management Software,,yes,3/3,0.33
cn-all-remaining-0660-e4cfd781,纵向倾斜椭圆柱储罐的几何标定与观测校核,分类,x-test-bench-daq,Test Bench / Data Acquisition Software — 台架试验的多通道采集与回放,,no,2/3,0.43
cn-all-remaining-0661-154126e9,组合储罐变位识别、全量标定与稳健性校核,分类,x-test-bench-daq,Test Bench / Data Acquisition Software — 台架试验的多通道采集与回放,,no,2/3,0.43
cn-all-remaining-0662-33d1dec2,双设施输送管线的独立接入与共用汇合布局优化,分类,spreadsheets,Spreadsheets Software,,no,2/3,0.38
cn-all-remaining-0663-6d22379c,城乡分区附加费约束下的输送管线布局优化,分类,oil-and-gas-engineering,Oil and Gas Engineering Software,,no,3/3,0.37
cn-all-remaining-0664-32d114f1,差异化管径费用下共用管线价值与长期方案决策,分类,oil-and-gas-engineering,Oil and Gas Engineering Software,,no,3/3,0.38
cn-all-remaining-0665-5c6ed6d2,匿名学生居住单元平面方案的量测与指标化评估,分类,architecture,Architecture Software,,no,3/3,0.52
cn-all-remaining-0666-726b573f,匿名居住方案评价体系的 AHP 权重与一致性稳健性分析,分类,decision-making,Decision-Making Software,,no,3/3,0.53
cn-all-remaining-0667-a43c9a79,匿名居住方案的 AHP—优属度综合排序与稳健性评估,分类,decision-making,Decision-Making Software,,no,3/3,0.53
cn-all-remaining-0668-030aa2e3,多模型SHAP环形特征变异组合图,分类,x-research-dataset-repository,Research Dataset Repository — 公开数据集下载页与元数据,,yes,2/3,0.42
cn-all-remaining-0669-c5296d6d,跨境银行卡支付生命周期回放、清算净额与流动性修复计划复核,分类,cross-border-payments-software,Cross-border payments software,,no,3/3,0.43
cn-all-remaining-0670-306d841f,多工厂冷链医药供应网络S&OP、运输排程与韧性发布准入,分类,supply-chain-planning,Supply Chain Planning Software,,yes,2/3,0.48
cn-all-remaining-0671-060dc9bc,大班户外自主游戏观察数据复核、教研分析与10月调整方案,分类,child-care,Child Care Software,,yes,3/3,0.42
cn-all-remaining-0672-1ff18f83,供应商协同平台 Web/API 安全测试与整改复测,分类,penetration-testing-tools,Penetration Testing Tools,,no,2/3,0.52
cn-all-remaining-0673-e23ff9b3,海棠智造园A3栋首层共享服务中心建筑方案深化与校审闭环,分类,architecture,Architecture Software,,yes,2/3,0.47
cn-all-remaining-0675-f0557959,双轨InSAR时序形变分解、季节项与断点检测复核,分类,gis,GIS Software,,yes,3/3,0.42
cn-all-remaining-0676-ae727883,零售订单平台跨可用区容灾架构评审与迁移规划,分类,cloud-infrastructure-monitoring,Cloud Infrastructure Monitoring  Software,,yes,1/3,0.43
cn-all-remaining-0677-42a50188,注塑壳体量具R&R、SPC与外观缺陷联合评审及供应商放行判定,分类,quality-management-qms,Quality Management Systems (QMS),,yes,3/3,0.7
cn-all-remaining-0678-e0cb5301,移动端战斗场景动态分辨率时序上采样拖影修复与自动化画质门槛核验,分类,game-engine,Game Engine Software,,yes,3/3,0.55
cn-all-remaining-0679-f7d822c2,上海绿色建筑标识服务市场与绿色建筑工程师产能研究,分类,x-regulatory-registry,Regulatory Registry / Compliance Filing Database — 备案与合规申报检索库,,yes,2/3,0.75
cn-all-remaining-0680-0d7a9db2,船舶与海洋工程师岗位需求景气度与能力结构研究,分类,x-government-statistics-portal,Government Statistics / Open Data Portal — 官方统计与开放数据查询,,yes,2/3,0.53
cn-all-remaining-0681-fa021dc7,低轨遥感卫星多传感器姿轨融合、地理定位与发布准入,分类,x-test-bench-daq,Test Bench / Data Acquisition Software — 台架试验的多通道采集与回放,,yes,3/3,0.62
cn-all-remaining-0682-ffc004ef,衡云费控移动端差旅报销关键流程体验整改,分类,product-analytics,Product Analytics Software,,yes,2/3,0.47
cn-all-remaining-0683-84d392a1,精密阀芯外径测量系统分析、控制图与过程能力量产放行评估,分类,quality-management-qms,Quality Management Systems (QMS),,yes,3/3,0.7
cn-all-remaining-0684-33435d87,城市文化项目深度稿编校与多平台发布包,分类,event-registration-ticketing,Event Registration and Ticketing Software,,unsure,2/3,0.43
cn-all-remaining-0685-86a96752,星载多传感器姿态重建、成像审计与动量卸载计划复核,分类,x-test-bench-daq,Test Bench / Data Acquisition Software — 台架试验的多通道采集与回放,,yes,3/3,0.6
cn-all-remaining-0686-25b0fcd7,2024—2026 AR应用开发工程师项目机会、技术栈与产能研究,分类,crm,CRM Software,,yes,3/3,0.6
cn-all-remaining-0687-72a573b9,散热风扇加速寿命、任务剖面与现场可靠性联合评审及量产放行判定,分类,x-test-bench-daq,Test Bench / Data Acquisition Software — 台架试验的多通道采集与回放,,yes,2/3,0.58
cn-all-remaining-0688-8dfc0c75,智能制造工程师招聘需求、薪酬与能力栈行业研究,分类,job-search-sites,Job Search Sites,,yes,2/3,0.53
cn-all-remaining-0689-df5209ab,游戏技术美术（TA）人才市场、能力矩阵与团队配置研究,分类,job-search-sites,Job Search Sites,,yes,2/3,0.45
cn-all-remaining-0690-eac11bf7,综合内科复杂共病患者多源出院审核、医嘱重构与患者指导,分类,ehr,EHR Software,,yes,3/3,0.73
cn-all-remaining-0691-ec498c7c,新能源汽车高压连接器多应力加速寿命、竞争失效与量产放行判定,分类,x-test-bench-daq,Test Bench / Data Acquisition Software — 台架试验的多通道采集与回放,,no,3/3,0.67
cn-all-remaining-0694-7620d864,散热风扇加速寿命、任务剖面与现场可靠性联合评审及量产放行判定,分类,x-test-bench-daq,Test Bench / Data Acquisition Software — 台架试验的多通道采集与回放,,yes,3/3,0.58
cn-all-remaining-0695-73fb8b8c,文创品牌双11经营、投放与素材表现联合复盘,分类,e-commerce-analytics,E-Commerce Analytics Software,,yes,3/3,0.57
cn-all-remaining-0696-91bc054f,CT-HTN-301中心C0201监查前多源数据清理、偏离识别与闭环,分类,electronic-data-capture-edc,Electronic Data Capture (EDC) Software,,yes,2/3,0.58
cn-all-remaining-0697-38acd0ca,多云身份权限漂移、攻击路径与零信任发布准入评估,分类,cloud-infrastructure-entitlement-management-ciem,Cloud Infrastructure Entitlement Management (CIEM) Software,,no,2/3,0.58
cn-all-remaining-0698-b3bfdb3e,2F施工图模型机电综合碰撞复核与BCF问题闭环,分类,building-design-and-building-information-modeling-bim,Building Design and Building Information Modeling (BIM) Software,,yes,3/3,0.7
cn-all-remaining-0700-bdfb5774,仓储AMR异步轮速—IMU—激光定位融合、退化诊断与自动化验收,分类,x-test-bench-daq,Test Bench / Data Acquisition Software — 台架试验的多通道采集与回放,,yes,3/3,0.52
cn-all-remaining-0701-49b7d817,A2研发办公楼二星级绿色建筑送审前预评估及证据链闭环审查,分类,engineering-document-management,Engineering Document Management Software,,yes,2/3,0.42
cn-all-remaining-0702-51ec01fc,住宅项目月度履约偏差诊断、里程碑滚动预测与四周纠偏,分类,construction-project-management,Construction Project Management Software,,yes,3/3,0.6
cn-all-remaining-0703-5714b5c0,CT1 光刻 CD 偏高异常根因分析、批次处置与工艺再资格,分类,manufacturing-execution-system,Manufacturing Execution System (MES) Software,,yes,1/3,0.53
cn-all-remaining-0704-e33a4f15,600万吨级长流程钢厂短流程改造与低碳竞争力行业研究,分类,process-erp,Process ERP Software,,yes,2/3,0.48
cn-all-remaining-0705-ab3d6465,10 kV园区馈线分布式光伏承载力与改造方案校核,分类,advanced-distribution-management-systems,Advanced Distribution Management Systems,,yes,3/3,0.57
cn-all-remaining-0706-2999104d,GB 38031-2025切换期动力电池安全要求与工程影响研究,分类,x-regulatory-registry,Regulatory Registry / Compliance Filing Database — 备案与合规申报检索库,,yes,2/3,0.47
cn-all-remaining-0707-03195156,二手住宅交易前房屋查验、风险分级与修缮费用评估,分类,home-inspection,Home Inspection Software,,yes,3/3,0.73
cn-all-remaining-0708-9b5c804a,III期临床试验中期数据库冻结前多源数据清理、SAE/实验室对账与中心行动闭环,分类,electronic-data-capture-edc,Electronic Data Capture (EDC) Software,,yes,3/3,0.62
cn-all-remaining-0709-411a7a8e,中国区多中心启动周会对账、风险分层与跟进闭环,分类,clinical-trial-management-systems,Clinical Trial Management Systems,,yes,2/3,0.55
cn-all-remaining-0710-717396c6,v0.9.8 新手主线提测前关卡断层修复与7日养成回算,分类,x-game-liveops-console,Game Engine Editor / LiveOps Admin Console — 游戏内容编辑器或运营后台,,yes,3/3,0.52
cn-all-remaining-0711-c6482f8e,《夜航》ECON v2.3新服主队养成曲线回算、配置改表与上线门槛校核,分类,x-game-liveops-console,Game Engine Editor / LiveOps Admin Console — 游戏内容编辑器或运营后台,,yes,3/3,0.52
cn-all-remaining-0712-ee8f99e5,Unity 客户端战斗回放确定性与断线重连状态恢复,分类,game-development,Game Development Software,,no,1/3,0.43
cn-all-remaining-0713-394ca2bb,L03旧水厂M1测试复盘与M2灰盒调优,分类,x-game-liveops-console,Game Engine Editor / LiveOps Admin Console — 游戏内容编辑器或运营后台,,yes,3/3,0.48
cn-all-remaining-0714-001e1685,Unity 客户端战斗回放确定性重建与断线重连状态恢复,分类,game-development,Game Development Software,,no,1/3,0.43
cn-all-remaining-0715-7bd9dc9b,Unity OpenXR 仓储拣选培训交互闭环与断点恢复,分类,vr-training-simulator,VR Training Simulator Software,,yes,3/3,0.57
cn-all-remaining-0716-978e33d8,匿名化工园区氯代烯烃地下水污染羽与自然衰减证据评估,分类,environmental-quality-and-safety-management,"Environmental, Quality and Safety Management  Software",,yes,1/3,0.43
cn-all-remaining-0717-003ac8fe,55 nm CMOS 接触孔刻蚀—预清洗—钨塞联调工艺窗口评估,分类,manufacturing-execution-system,Manufacturing Execution System (MES) Software,,yes,3/3,0.47
cn-all-remaining-0718-fb968eb0,100G QSFP28 CWDM4 光模块全温 Tx/Rx 标定、功耗热裕量与量产放行审计,分类,x-test-bench-daq,Test Bench / Data Acquisition Software — 台架试验的多通道采集与回放,,yes,3/3,0.67
cn-all-remaining-0719-1fbf1939,400G FR4 光模块接收灵敏度、温漂与通道一致性分析,分类,x-test-bench-daq,Test Bench / Data Acquisition Software — 台架试验的多通道采集与回放,,yes,3/3,0.67
cn-all-remaining-0720-a00e9ad3,800G DR8 有源耦合站 Z 轴回差诊断与工艺能力恢复,分类,x-test-bench-daq,Test Bench / Data Acquisition Software — 台架试验的多通道采集与回放,,yes,3/3,0.6
cn-all-remaining-0722-53715935,城市建筑物底图配准更新、变化核查与质量评估,分类,gis,GIS Software,,yes,3/3,0.8
cn-all-remaining-0725-cda78393,办公楼租赁改造密集档案柜楼板及次梁结构复核,分类,civil-engineering-design,Civil Engineering Design Software,,yes,3/3,0.5
cn-all-remaining-0726-c399a041,多人副本结算服务的幂等重放、保底掉落与异常补偿改造,分类,x-game-liveops-console,Game Engine Editor / LiveOps Admin Console — 游戏内容编辑器或运营后台,,yes,3/3,0.48
cn-all-remaining-0727-906c12e1,清河商务中心A座3—5层租赁面积复核及BIM空间属性回写,分类,building-design-and-building-information-modeling-bim,Building Design and Building Information Modeling (BIM) Software,,yes,3/3,0.83
cn-all-remaining-0728-07c602b5,UE5 联机拾取与背包复制一致性修复,分类,game-development,Game Development Software,,yes,2/3,0.5
cn-all-remaining-0730-2aca8f51,冬小麦氮肥梯度田间试验数据质控、产量响应与经济最优施氮量评估,分类,precision-agriculture,Precision Agriculture Software,,yes,3/3,0.53
cn-all-remaining-0731-abeed8dd,华东事业部Q2销售经营复盘与Q3目标拆解,分类,crm,CRM Software,,yes,3/3,0.65
cn-all-remaining-0732-1bcf585e,低速主机推进轴系扭振计算、海试阻尼标定与禁区校核,分类,x-test-bench-daq,Test Bench / Data Acquisition Software — 台架试验的多通道采集与回放,,yes,3/3,0.65
cn-all-remaining-0733-c5b0a731,低渗透注水井压力降落试井解释与安全配注评价,分类,oil-production,Oil Production Software,,yes,2/3,0.53
cn-all-remaining-0734-f1d1dd31,7075铝合金回归再时效工艺窗口复核与批次分析,分类,x-test-bench-daq,Test Bench / Data Acquisition Software — 台架试验的多通道采集与回放,,yes,3/3,0.62
cn-all-remaining-0735-cdbd1b4c,装配式建筑施工员职业机会、能力结构与培训产品研究,分类,x-government-statistics-portal,Government Statistics / Open Data Portal — 官方统计与开放数据查询,,yes,3/3,0.55
cn-all-remaining-0736-5ce861a1,FA/Cs混合阳离子钙钛矿PEAI表面钝化浓度筛选与器件稳定性联合评估,分类,x-test-bench-daq,Test Bench / Data Acquisition Software — 台架试验的多通道采集与回放,,yes,3/3,0.6
cn-all-remaining-0737-64725a3f,5G SA 同频邻区审计、切换参数优化与离线回放验证,分类,network-management-tools,Network Management Tools,,yes,3/3,0.47
cn-all-remaining-0738-e74fd102,2500 m³高炉季度燃料比、碳平衡与炉况异常复盘,分类,x-process-historian,Process Historian — 工厂时序位号历史库与趋势查询,,yes,3/3,0.67
cn-all-remaining-0739-dbedc17b,暴雨诱发滑坡遥感识别、清单编制与危险性分区,分类,gis,GIS Software,,yes,3/3,0.63
cn-all-remaining-0740-641a9a26,建筑信息模型技术员职业制度、区域机会与培训产品研究,分类,x-government-statistics-portal,Government Statistics / Open Data Portal — 官方统计与开放数据查询,,yes,2/3,0.53
cn-all-remaining-0741-4360744e,PVDAQ实测光伏数据源尽调与运维对标样本库构建,分类,x-research-dataset-repository,Research Dataset Repository — 公开数据集下载页与元数据,,yes,3/3,0.88
cn-all-remaining-0742-70f554e3,28nm 数字后端多模式多角时序违例归并与低扰动 ECO 规划,分类,systems-engineering-and-mbse,Systems Engineering & MBSE Tools,,yes,1/3,0.3
cn-all-remaining-0743-9002d3ff,纯电动乘用车高温爬坡工况动力电池冷却性能评估与标定建议,分类,x-test-bench-daq,Test Bench / Data Acquisition Software — 台架试验的多通道采集与回放,,yes,3/3,0.75
cn-all-remaining-0745-5cca1ad5,300 mm 氧化物刻蚀腔体 PM 后 Via CD 漂移根因分析、配方恢复与批次处置,分类,x-process-historian,Process Historian — 工厂时序位号历史库与趋势查询,,yes,2/3,0.53
cn-all-remaining-0746-667d6a72,电驱壳体轴承孔尺寸漂移分析与过程能力改善验证,分类,quality-management-qms,Quality Management Systems (QMS),,yes,3/3,0.63
cn-all-remaining-0747-81c258a4,六轴机器人眼在手相机手眼标定与独立位姿一致性验证,分类,calibration,Calibration Software,,yes,2/3,0.5
cn-all-remaining-0748-1d1d2516,固定投放条件下的三维烟幕遮蔽判定与时长校核,分类,simulation-cae,Simulation & CAE Software,,no,3/3,0.5
cn-all-remaining-0749-a93ed2fd,固定综合单价研发楼精装修及机电改造工程竣工结算审核与可复算成果交付,分类,construction-estimating-software,Construction Estimating Software,,yes,2/3,0.6
cn-all-remaining-0750-1b6458a9,儿童安全科普短片 v04 分镜粗剪 QC 与 v05 送审修订,分类,animation,Animation Software,,yes,3/3,0.57
cn-all-remaining-0751-fa613e93,市政道路路基顶面竣工测量复核与整修工程量核算,分类,civil-engineering-design,Civil Engineering Design Software,,yes,2/3,0.5
cn-all-remaining-0753-fd173b01,双交换机 MLAG 接入下服务器 LACP、VLAN 与巨帧故障回归定位,分类,network-monitoring,Network Monitoring Software,,yes,3/3,0.55
cn-all-remaining-0755-7e078c66,86型智能新风控制器前面板 ID 冻结、CMF 与丝印规范,分类,mechanical-computer-aided-design-mcad,Mechanical Computer-aided Design (MCAD) Software,,yes,2/3,0.53
cn-all-remaining-0756-5e1f03fb,三批次ELISA原始板读数质控、四参数曲线定量与配对效应分析,分类,lims,LIMS Software,,yes,2/3,0.57
cn-all-remaining-0757-e5b78fb1,UE5 C++ 检查点存档管线异步化、版本迁移与坏档恢复工程化改造,分类,game-development,Game Development Software,,yes,3/3,0.47
cn-all-remaining-0758-4e0bb5b1,PHE-204换热器性能衰减诊断与停机清洗窗口决策,分类,x-process-historian,Process Historian — 工厂时序位号历史库与趋势查询,,yes,3/3,0.82
cn-all-remaining-0759-3002eee7,12英寸晶圆厂M1光刻CD/Overlay漂移调查与批次处置,分类,manufacturing-execution-system,Manufacturing Execution System (MES) Software,,yes,3/3,0.55
cn-all-remaining-0760-588c7fe3,GPU Warp 双发射调度器同周期写回、Flush 与仲裁一致性修复,分类,systems-engineering-and-mbse,Systems Engineering & MBSE Tools,,unsure,1/3,0.37
cn-all-remaining-0761-75887f16,核心部件停供下的多仓售后备件供应恢复计划,分类,supply-chain-planning,Supply Chain Planning Software,,yes,3/3,0.62
cn-all-remaining-0762-91e5328c,800G 光模块 DSP 至线性驱动器 112 GBd PAM4 发射链路 SI 收敛,分类,x-test-bench-daq,Test Bench / Data Acquisition Software — 台架试验的多通道采集与回放,,yes,3/3,0.72
cn-all-remaining-0763-7c2e7f10,五层主体结构实测实量、资料证据链复核与整改销项自动核验,分类,inspection-management,Inspection Management Software,,yes,2/3,0.58
cn-all-remaining-0764-70abef1f,DDR4-3200 x16 写通道裕量、布线规则与原理图一致性签核,分类,pcb-design,PCB Design Software,,yes,3/3,0.68
cn-all-remaining-0765-2e0c67fe,临港北片区1:500地形图修测收尾排产、质量放行与批次交付,分类,gis,GIS Software,,yes,3/3,0.47
cn-all-remaining-0766-6df02367,1310 nm EML TOSA 激光耦合光路容差与 Monitor PD 标定复核,分类,x-test-bench-daq,Test Bench / Data Acquisition Software — 台架试验的多通道采集与回放,,yes,3/3,0.73
cn-all-remaining-0767-325cc9a3,长三角光学工程师人才供需与岗位能力画像研究,分类,talent-intelligence,Talent Intelligence Software,,yes,3/3,0.52
cn-all-remaining-0768-ae78dc9a,400GBASE-FR4 光模块 CMIS 应用广告、I²C 访问与 Data Path 状态机修复,分类,x-test-bench-daq,Test Bench / Data Acquisition Software — 台架试验的多通道采集与回放,,unsure,3/3,0.43
cn-all-remaining-0769-81e1937e,五口千兆工业交换机 RevA 至 RevB 关键电路复核与工程变更,分类,pcb-design,PCB Design Software,,yes,3/3,0.73
cn-all-remaining-0770-159164f2,东城片区5G无线网扩容与优化优先级评估,分类,network-monitoring,Network Monitoring Software,,yes,2/3,0.5
cn-all-remaining-0771-fa562c12,理想化中纬度锋生过程动力诊断与强迫峰值识别,分类,weather-data-software,Weather Data Software,,yes,3/3,0.52
cn-all-remaining-0772-9f833be7,多面板季节性敏感性环形柱状图,分类,x-research-dataset-repository,Research Dataset Repository — 公开数据集下载页与元数据,,yes,3/3,0.5
cn-all-remaining-0773-95cfc75e,WRF 强降水个例双方案模式检验与敏感性评估,分类,weather-data-software,Weather Data Software,,yes,3/3,0.6
cn-all-remaining-0774-0738fe73,基于官方 MACE 势函数的匿名 MOF 结构 CPU-NVT 轨迹复现与审计,分类,x-atomistic-simulation-package,Atomistic / Molecular Simulation Package — 分子动力学与第一性原理计算,,yes,3/3,0.75
cn-all-remaining-0775-b2fdc7cf,MACE-ML-IAP 水分子动力学 Kokkos 能力探测与后端等价性验收,分类,x-atomistic-simulation-package,Atomistic / Molecular Simulation Package — 分子动力学与第一性原理计算,,yes,3/3,0.75
cn-all-remaining-0776-fdff78f7,基于 MACE-LAMMPS 水轨迹的 O-H 径向分布函数与结构统计,分类,x-atomistic-simulation-package,Atomistic / Molecular Simulation Package — 分子动力学与第一性原理计算,,yes,3/3,0.75
cn-all-remaining-0777-7fadbfc2,2026Q3美国半导体工艺工程师岗位需求、技能结构与薪酬基准研究,分类,job-search-sites,Job Search Sites,,yes,2/3,0.5
cn-all-remaining-0778-f1829de6,既有办公楼能耗基线、冷站运行诊断与绿色改造投资评估,分类,smart-buildings,Smart Buildings Software,,yes,2/3,0.52
cn-all-remaining-0779-2c9670ba,2026 Q4 企业客户续约风险诊断与服务资源配置,分类,customer-success,Customer Success Software,,yes,3/3,0.57
cn-all-remaining-0780-37b43f72,华东大区半年度销售经营复盘、Q3预测与目标拆解,分类,crm,CRM Software,,yes,3/3,0.55
cn-all-remaining-0782-40b4e001,道路智慧照明台账清洗、回路拓扑核查与节能改造优先级编制,分类,infrastructure-asset-management,Infrastructure Asset Management Software,,yes,1/3,0.47
cn-all-remaining-0783-2131962d,办公楼租赁改造密集档案柜楼板及次梁结构复核,分类,civil-engineering-design,Civil Engineering Design Software,,yes,2/3,0.43
cn-all-remaining-0785-b7c2ca13,24 V 工业控制器电源板 Rev.A 失效复盘与 Rev.B ECO,分类,pcb-design,PCB Design Software,,yes,3/3,0.63
cn-all-remaining-0786-4163d316,工业伺服驱动器直流母线电容现场可靠性与加速寿命联合评估,分类,warranty-management,Warranty Management Software,,yes,1/3,0.38
cn-all-remaining-0787-0db6f033,《星港边境》0.9.7-rc3 候选版本回归验收与上线判定,分类,test-management,Test Management Tools,,yes,2/3,0.45
cn-all-remaining-0788-cfee0a30,第三人称战术射击 NPC 小队决策回放回归与掩体分配,分类,x-game-liveops-console,Game Engine Editor / LiveOps Admin Console — 游戏内容编辑器或运营后台,,yes,1/3,0.43
cn-all-remaining-0789-19e1e516,华东仓配网络重构与2026旺季产能采购决策,分类,transportation-management-systems-tms,Transportation Management Systems (TMS),,yes,3/3,0.57
cn-all-remaining-0790-ca61bdb0,星屿商城移动端换货流程诊断、高保真改版与可用性验证设计,分类,product-analytics,Product Analytics Software,,yes,2/3,0.42
cn-all-remaining-0791-05e9ca07,精装住宅交付前全屋查验、缺陷分级与修缮费用测算,分类,home-inspection,Home Inspection Software,,yes,3/3,0.77
cn-all-remaining-0792-a46854a7,结直肠外科月度手术质量复盘：并发症分级、吻合口漏与数据核验,分类,ehr,EHR Software,,yes,3/3,0.38
cn-all-remaining-0793-797a30ac,历史旅行海报翻拍数字化、校色与双版本交付,分类,collections-management,Collections Management Software,,yes,2/3,0.4
cn-all-remaining-0794-37667882,CHO细胞补料分批培养批次一致性、过程偏差与收获窗口评估,分类,x-process-historian,Process Historian — 工厂时序位号历史库与趋势查询,,yes,3/3,0.5
cn-all-remaining-0795-2d469bcb,五因子另类风险溢价基金无前视回测、风险预算与绩效归因,分类,x-research-dataset-repository,Research Dataset Repository — 公开数据集下载页与元数据,,yes,3/3,0.63
cn-all-remaining-0796-238e5327,住宅地下车库工程量清单复核、最高投标限价及变更影响审计,分类,construction-estimating-software,Construction Estimating Software,,yes,3/3,0.69
cn-all-remaining-0797-0871a408,“风从运河来”城市文创展竖屏动态开幕海报,分类,animation,Animation Software,,no,3/3,0.53
cn-all-remaining-0798-e29ecb95,即时零售订单湖仓增量入仓、迟到数据回补与经营宽表重建,分类,order-management,Order Management Software,,yes,3/3,0.52
cn-all-remaining-0799-597b1f63,移动端游戏精灵图集自动裁剪、旋转装箱与像素级重建验证,分类,game-development,Game Development Software,,yes,3/3,0.55
cn-all-remaining-0800-810be4f7,包装输送线主动滚筒轴提速后的强度、疲劳、挠度与轴承寿命复核,分类,simulation-cae,Simulation & CAE Software,,yes,2/3,0.59
cn-all-remaining-0801-3012a7dc,磷酸铁锂电芯一致性、模组快充热安全与循环寿命联合评审及量产放行判定,分类,x-test-bench-daq,Test Bench / Data Acquisition Software — 台架试验的多通道采集与回放,,yes,3/3,0.65
cn-all-remaining-0802-f5452942,住院抗菌药物医嘱专项点评与药师干预清单生成,分类,ehr,EHR Software,,yes,3/3,0.68
cn-all-remaining-0803-b381ca33,园区中路道路工程量清单整理,分类,civil-engineering-design,Civil Engineering Design Software,,yes,3/3,0.65
cn-all-remaining-0804-65e4e048,工业园区微电网故障录波、保护配合、储能黑启动与并网准入判定,分类,supervisory-control-and-data-acquisition-scada,Supervisory Control and Data Acquisition (SCADA) Software,,yes,3/3,0.58
cn-all-remaining-0805-54b374d4,证券交易监测规则季度回测、阈值校准与日终预警台账重建,分类,brokerage-trading-platforms,Brokerage Trading Platforms,,yes,2/3,0.55
cn-all-remaining-0806-4b92c004,盐酸二甲双胍片年度产品质量回顾及变更后趋势评估,分类,quality-management-qms,Quality Management Systems (QMS),,yes,2/3,0.67
cn-all-remaining-0807-116749fd,租赁住房竣工 BIM 模型房源与物业资产交付核验,分类,building-design-and-building-information-modeling-bim,Building Design and Building Information Modeling (BIM) Software,,yes,3/3,0.75
cn-all-remaining-0808-c3e94902,保障性租赁住房多源运营风险排查与物业整改闭环,分类,property-management,Property Management Software,,yes,3/3,0.65
cn-all-remaining-0809-17f86072,5G工业专网覆盖容量、PCI/邻区优化与发布准入,分类,network-monitoring,Network Monitoring Software,,no,3/3,0.37
cn-all-remaining-0810-1f45cadd,高速装盒线伺服定位、节拍稳定性与安全联锁联合验收及量产投运判定,分类,x-test-bench-daq,Test Bench / Data Acquisition Software — 台架试验的多通道采集与回放,,yes,3/3,0.72
cn-all-remaining-0811-4a734aff,袋装粉料称重复检与气动剔除站 PLC 队列顺控改造及 FAT 验收,分类,x-test-bench-daq,Test Bench / Data Acquisition Software — 台架试验的多通道采集与回放,,yes,3/3,0.6
cn-all-remaining-0812-90c48c8d,智能仓储AMR多传感器定位、交通死锁、充电调度与安全发布准入,分类,warehouse-automation,Warehouse Automation Software,,no,2/3,0.42
cn-all-remaining-0813-0f341d0c,3#楼4层PC构件进场判定、吊装日计划及安装质量闭环,分类,construction-management,Construction Management Software,,yes,3/3,0.65
cn-all-remaining-0814-762c2157,场外基金交易日终三方对账与异常工单生成,分类,financial-reconciliation,Financial Reconciliation Software,,yes,3/3,0.75
cn-all-remaining-0815-9624faf6,T-301甲醇回收精馏塔物料衡算校正与节能操作窗口优化,分类,x-process-historian,Process Historian — 工厂时序位号历史库与趋势查询,,yes,3/3,0.75
cn-all-remaining-0816-3ff8f800,100 kW光伏逆变器低电压穿越、谐波与孤岛保护联合评审及量产并网判定,分类,x-test-bench-daq,Test Bench / Data Acquisition Software — 台架试验的多通道采集与回放,,yes,3/3,0.7
cn-all-remaining-0817-a25cf14a,电机轴精加工线OEE异常诊断与MC30两日生产排程校核,分类,manufacturing-execution-system,Manufacturing Execution System (MES) Software,,yes,3/3,0.75
cn-all-remaining-0818-8c722c79,512Wh 户外电源外观改款、CMF 定版与 DVT 试产评审交付,分类,3d-modeling,3D Modeling Software,,yes,3/3,0.5
cn-all-remaining-0819-92642430,DP2海上风电运维船动力定位故障重构、推力分配与作业准入判定,分类,x-test-bench-daq,Test Bench / Data Acquisition Software — 台架试验的多通道采集与回放,,no,2/3,0.43
cn-all-remaining-0820-6c8dfd98,运载火箭整流罩跨声速气动载荷重构与设计工况筛选,分类,x-test-bench-daq,Test Bench / Data Acquisition Software — 台架试验的多通道采集与回放,,yes,3/3,0.63
cn-all-remaining-0821-5446eadd,28 nm接触孔光刻关键尺寸、套刻与焦距—曝光工艺窗口联合评审及批次放行判定,分类,quality-management-qms,Quality Management Systems (QMS),,yes,2/3,0.42
cn-all-remaining-0822-6a5c9899,滨河东片区保障性租赁住房地块筛选与15分钟生活圈补短板评估,分类,gis,GIS Software,,yes,3/3,0.68
cn-all-remaining-0823-2981b536,企业职工年度体检数据质控、风险分层与90天随访排程,分类,ehr,EHR Software,,yes,2/3,0.48
cn-all-remaining-0824-0de4494b,2024Q4—2026Q2中国汽车工程师岗位需求、技能结构与人才优先级研究,分类,job-search-sites,Job Search Sites,,yes,2/3,0.48
cn-all-remaining-0825-ce14f4a1,独居高龄老人30天居家养老服务配置与风险闭环管理,分类,home-care-agency-management,Home Care Agency Management Software,,yes,3/3,0.6
cn-all-remaining-0826-269c7767,跨服公会战房间状态一致性、掉线重连与奖励结算幂等联合回归及上线判定,分类,automation-testing-tools,Automation Testing Tools,,yes,1/3,0.37
cn-all-remaining-0827-a07867a4,长三角新能源叉车短租业务城市进入优先级与三年经营测算,分类,market-intelligence,Market Intelligence Software,,unsure,3/3,0.38
cn-all-remaining-0828-6335c106,5G NR园区路测KPI分析、切换根因定位与优化闭环,分类,network-monitoring,Network Monitoring Software,,yes,3/3,0.48
cn-all-remaining-0829-bd2480e9,工业制冷液氨系统泄漏事件重构、SIS/LOPA验证与复产准入判定,分类,x-process-historian,Process Historian — 工厂时序位号历史库与趋势查询,,yes,2/3,0.53
cn-all-remaining-0830-86a394d4,5G NR园区路测KPI分析、切换根因定位与优化闭环,分类,network-monitoring,Network Monitoring Software,,yes,3/3,0.48
cn-all-remaining-0831-8de50919,工业制冷液氨系统泄漏事件重构、SIS/LOPA验证与复产准入判定,分类,x-process-historian,Process Historian — 工厂时序位号历史库与趋势查询,,yes,2/3,0.53
cn-all-remaining-0832-b6b0d79c,Unity 资源预提交审计与 CI 批处理工具开发,分类,game-development,Game Development Software,,yes,2/3,0.45
cn-all-remaining-0833-4b7ceef4,DQL-217 CIA大鼠治疗性药效复核与确认性研究剂量推荐,分类,electronic-data-capture-edc,Electronic Data Capture (EDC) Software,,yes,3/3,0.47
cn-all-remaining-0834-0d96f3e7,24V工业控制板电源与RS-485接口失效整改及验证闭环,分类,pcb-design,PCB Design Software,,yes,2/3,0.48
cn-all-remaining-0835-9f5c41bb,TRX-217 28天重复给药毒性数据质控、毒代重算与申办方综合评估,分类,electronic-data-capture-edc,Electronic Data Capture (EDC) Software,,yes,3/3,0.5
cn-all-remaining-0836-8be6837c,CDS升级验证QA独立复核与上线放行判定,分类,quality-management-qms,Quality Management Systems (QMS),,yes,3/3,0.47
cn-all-remaining-0837-ac7b8f92,B2B SaaS试用转付费漏斗诊断与Q4产品运营策略排期,分类,product-analytics,Product Analytics Software,,yes,3/3,0.62
cn-all-remaining-0838-bb9d337f,压片工序清场SOP部门修订稿独立QA审核与生效准备,分类,quality-management-qms,Quality Management Systems (QMS),,yes,2/3,0.5
cn-all-remaining-0839-052f9164,竞技游戏帧同步回滚一致性修复与回放验收,分类,game-engine,Game Engine Software,,no,2/3,0.38
cn-all-remaining-0841-33f3a229,2026年Q4项目组合重排与关键资源调度决策,分类,project-and-portfolio-management,Project and Portfolio Management Software,,yes,2/3,0.55
cn-all-remaining-0842-da7b283c,食品微生物96孔板生长曲线质控与动力学参数复核,分类,laboratory,Laboratory Software,,yes,2/3,0.43
cn-all-remaining-0843-ae260afc,Godot 动态二维空间哈希宽相模块替换与确定性回归,分类,game-engine,Game Engine Software,,no,1/3,0.37
cn-all-remaining-0844-35269475,两试验点春玉米氮肥梯度试验统计分析与经济施氮量评估,分类,agriculture,Agriculture Software,,yes,3/3,0.48
cn-all-remaining-0846-c0c542fb,协作射击游戏同伴 Utility AI 决策器回归修复与离线回放评测,分类,game-development,Game Development Software,,unsure,2/3,0.52
cn-all-remaining-0847-be9888d6,番茄多环境试验品种稳定性复核与下一轮区域试验决策,分类,x-research-dataset-repository,Research Dataset Repository — 公开数据集下载页与元数据,,yes,2/3,0.77
cn-all-remaining-0848-b2f6165d,口服小分子先导化合物体外 DMPK 数据质控、参数拟合与候选排序,分类,drug-discovery,Drug Discovery Software,,yes,2/3,0.6
cn-all-remaining-0849-2d0b8edc,Quest 3仓储安全培训应用交互流程修复、回放一致性与72Hz性能验收,分类,vr-training-simulator,VR Training Simulator Software,,no,2/3,0.6
cn-all-remaining-0851-f49f24e5,2024款纯电车型EPA道路载荷基准复核与旧版方法审计,分类,automotive,Automotive Software,,yes,1/3,0.8
cn-all-remaining-0852-006b49eb,第三人称战术射击 NPC 小队决策回放回归与掩体分配,分类,game-development,Game Development Software,,unsure,2/3,0.52
cn-all-remaining-0854-dffd1f7e,UE5 多人投射物对象池与网络复制性能优化,分类,game-engine,Game Engine Software,,no,2/3,0.53
cn-all-remaining-0855-40b6e2a2,锁车后静态电流超标与车身 CAN 周期唤醒根因定位,分类,x-test-bench-daq,Test Bench / Data Acquisition Software — 台架试验的多通道采集与回放,,yes,3/3,0.72
cn-all-remaining-0856-1dd34f40,2025Q4华东区销售预测、目标拆解与重点商机资源配置,分类,crm,CRM Software,,yes,3/3,0.72
cn-all-remaining-0857-668003aa,纯电样车下电后12V静态电流异常诊断与休眠策略验证,分类,x-test-bench-daq,Test Bench / Data Acquisition Software — 台架试验的多通道采集与回放,,yes,3/3,0.72
cn-all-remaining-0858-a77c2bc1,信用债组合日终风险复核与低换手约束修复,分类,investment-portfolio-management,Investment Portfolio Management Software,,yes,2/3,0.6
cn-all-remaining-0859-794a0507,半导体制程良率异常筛查与关键量测点复核,分类,x-research-dataset-repository,Research Dataset Repository — 公开数据集下载页与元数据,,yes,3/3,0.9
cn-all-remaining-0861-b190cb70,商业办公楼租赁面积复核与BIM空间台账更新,分类,building-design-and-building-information-modeling-bim,Building Design and Building Information Modeling (BIM) Software,,yes,2/2,0.85
cn-all-remaining-0862-62ba3ff3,    原创文创品牌 Q2 经营复盘与 618 投放预算重分配    ,分类,e-commerce-analytics,E-Commerce Analytics Software,,yes,2/2,0.57
cn-all-remaining-0864-82ecf25a,写字楼租赁区精装修及机电改造工程结算审核,分类,construction-estimating-software,Construction Estimating Software,,yes,2/2,0.57
cn-all-remaining-0865-515ae739,智慧园区租赁履约、空间使用与能耗异常联动核查,分类,smart-buildings,Smart Buildings Software,,yes,2/2,0.53
cn-all-remaining-0866-1d892fee,跨服竞技赛季结算、排行榜归并与幂等奖励发放,分类,x-game-liveops-console,Game Engine Editor / LiveOps Admin Console — 游戏内容编辑器或运营后台,,yes,2/2,0.53
cn-all-remaining-0868-8fb1b76d,华东区域三仓分拨与承运商份额调整决策,分类,transportation-management-systems-tms,Transportation Management Systems (TMS),,yes,2/2,0.6
cn-all-remaining-0869-a86563df,工业自动化公司三季报跟踪、盈利预测更新与估值复核,分类,financial-research,Financial Research Software,,yes,2/2,0.55
cn-all-remaining-0870-cba7c850,工程造价人员供需结构、岗位能力与薪酬区间专题研究,分类,job-board,Job Board Software,,yes,2/2,0.47
cn-all-remaining-0871-83e54e58,重点企业客户续约风险诊断与90天挽回方案,分类,customer-success,Customer Success Software,,yes,2/2,0.65
cn-all-remaining-0872-cbef5357,2024—2025 新房交付查验咨询服务质量、缺陷结构与报价研究,分类,home-inspection,Home Inspection Software,,yes,2/2,0.65
cn-all-remaining-0873-b02290d1,Godot 4 场景道具 PBR 纹理规范化、ORM 通道打包与材质库落地,分类,3d-modeling,3D Modeling Software,,yes,2/2,0.4
cn-all-remaining-0874-e4cb0cfa,装配式建筑施工员岗位需求、技能标准与培训差距研究,分类,job-board,Job Board Software,,yes,2/2,0.47
cn-all-remaining-0875-4793042e,2026Q4华东区域干线招标定标、运力分配与旺季保供校核,分类,freight-management,Freight Management Software,,yes,2/3,0.57
cn-all-remaining-0876-98bfb7b0,铝冷板瞬态热模型参数标定、独立验证与网格收敛评估,分类,x-test-bench-daq,Test Bench / Data Acquisition Software — 台架试验的多通道采集与回放,,yes,3/3,0.78
cn-all-remaining-0877-7a1ba25e,C++游戏开发工程师岗位需求、薪酬与能力结构研究,分类,job-search-sites,Job Search Sites,,yes,3/3,0.72
cn-all-remaining-0878-190be40d,UE5跨平台性能基线复盘、版本效果验证与两轮优化排期,分类,game-engine,Game Engine Software,,yes,3/3,0.42
cn-all-remaining-0879-9c1c7e3e,华东区Q3销售目标分解、客户归属调整与重点商机治理,分类,crm,CRM Software,,yes,3/3,0.73
cn-all-remaining-0880-49ec35b4,    企业客户门户API授权边界、网关控制与修复回归复核    ,分类,api-security,API Security Tools,,yes,3/3,0.52
cn-all-remaining-0881-7e2226c0,Q3多项目组合资源冲突诊断与交付重排,分类,project-and-portfolio-management,Project and Portfolio Management Software,,yes,3/3,0.62
cn-all-remaining-0882-fda27236,    18号楼7层预制构件吊装、灌浆与质量闭环施工策划    ,分类,construction-management,Construction Management Software,,yes,2/3,0.58
cn-all-remaining-0883-f91d65a1,游戏AI开发工程师岗位需求、薪酬与能力结构研究,分类,job-search-sites,Job Search Sites,,yes,3/3,0.72
cn-all-remaining-0884-99d8b353,游戏服务端版本容量基线、回归定位与开服扩容决策研究,分类,load-testing-tools,Load Testing Tools,,yes,3/3,0.57
cn-all-remaining-0885-9354b4d1,竞技场战果回调幂等补账与赛季积分对账,分类,game-development,Game Development Software,,yes,3/3,0.32
cn-all-remaining-0887-162ec7ac,城镇关卡静态网格 Meshlet 构建、边界锥生成与回归验证,分类,3d-modeling,3D Modeling Software,,yes,3/3,0.52
cn-all-remaining-0888-f1a44e1d,PCBA回流焊炉温工艺窗口与缺陷联动优化,分类,x-test-bench-daq,Test Bench / Data Acquisition Software — 台架试验的多通道采集与回放,,yes,2/2,0.68
cn-all-remaining-0889-c1ffba9c,伺服升降模组节拍验证与运动参数定型,分类,x-test-bench-daq,Test Bench / Data Acquisition Software — 台架试验的多通道采集与回放,,yes,2/2,0.72
cn-all-remaining-0890-2a6e214f,六轴工业机器人关节零偏、TCP 与基坐标联合标定,分类,x-test-bench-daq,Test Bench / Data Acquisition Software — 台架试验的多通道采集与回放,,yes,2/2,0.5
cn-all-remaining-0891-489fba3c,夹套反应釜温度串级回路辨识、PI整定与抗扰验证,分类,x-process-historian,Process Historian — 工厂时序位号历史库与趋势查询,,yes,2/2,0.7
cn-all-remaining-0892-1688f407,AMR更换驱动轮后的运动学参数联合标定与上线验证,分类,x-test-bench-daq,Test Bench / Data Acquisition Software — 台架试验的多通道采集与回放,,yes,2/2,0.53
cn-all-remaining-0893-6a26dc5f,空气质量多传感器长期漂移诊断与CO参考浓度校准,分类,x-research-dataset-repository,Research Dataset Repository — 公开数据集下载页与元数据,,yes,2/2,0.93
cn-all-remaining-0894-d2a9c435,GSE52778 配对 RNA-seq 质控、差异表达与可复现结果审计,分类,x-genomics-data-repository,Genomics / Bioinformatics Data Repository — 组学数据集与样本注释,,yes,2/2,0.94
cn-all-remaining-0895-94c9bd94,HX-201板式换热器温控回路辨识、PI整定与闭环验证,分类,x-process-historian,Process Historian — 工厂时序位号历史库与趋势查询,,yes,2/2,0.75
cn-all-remaining-0896-de465666,多时相遥感火烧迹地识别、烧毁强度分级与面积核算,分类,gis,GIS Software,,yes,2/2,0.53
cn-all-remaining-0897-a4cd1207,两试验点冬小麦氮肥梯度试验质控、产量响应与推荐施氮量评估,分类,agriculture,Agriculture Software,,yes,2/2,0.47
cn-all-remaining-0900-f7fd3143,SiOx-石墨负极水系粘结剂循环与EIS联合下选,分类,x-test-bench-daq,Test Bench / Data Acquisition Software — 台架试验的多通道采集与回放,,yes,2/2,0.6
cn-all-remaining-0901-a1264e29,多中心定量检测方法的精密度、Deming比对与实验室聚类Bootstrap评价,分类,lims,LIMS Software,,yes,2/2,0.4
cn-all-remaining-0902-b4e90b75,连续EEG眼状态记录的质控、后部α反应检验与时序泄漏审计,分类,x-research-dataset-repository,Research Dataset Repository — 公开数据集下载页与元数据,,yes,3/3,0.8
cn-all-remaining-0904-5aa796df,800G OSFP 光模块 DSP 热路径标定与上壳均温结构优化,分类,x-test-bench-daq,Test Bench / Data Acquisition Software — 台架试验的多通道采集与回放,,yes,3/3,0.67
cn-all-remaining-0905-fd596c6a,ONT光模块测试仪表4路25G SerDes链路训练与故障恢复设计,分类,x-test-bench-daq,Test Bench / Data Acquisition Software — 台架试验的多通道采集与回放,,yes,3/3,0.5
cn-all-remaining-0906-233fff17,工业物联网采集网关 2.4.0 消息一致性与断网恢复回归测试,分类,software-testing,Software Testing Tools,,yes,1/3,0.55
cn-all-remaining-0907-ebabf865,R15雨水图纸集页组清点与文字空间索引,分类,general-purpose-cad,General-Purpose CAD Software,,yes,2/3,0.75
cn-all-remaining-0908-a1d40822,LPBF Inconel 718粉末、熔池、孔隙、力学、疲劳与热处理组织联合评审及航空结构件工艺定型判定,分类,additive-manufacturing,Additive Manufacturing Software,,yes,3/3,0.62
cn-all-remaining-0909-121120de,工业物联网时序数据迟到事件重放、设备日指标与告警补算,分类,x-process-historian,Process Historian — 工厂时序位号历史库与趋势查询,,yes,3/3,0.67
cn-all-remaining-0910-a483d04f,车载摄像模组MTF、畸变、杂散光与热稳定量产准入判定,分类,x-test-bench-daq,Test Bench / Data Acquisition Software — 台架试验的多通道采集与回放,,yes,3/3,0.63
cn-all-remaining-0911-57247e16,办公楼机电安装工程第6期进度款审核、变更签证与超付风险复核,分类,project-cost-management,Project Cost Management Software,,yes,2/3,0.6
cn-all-remaining-0912-51d4ac3e,车载1550nm激光雷达发射、接收、杂散光、温漂、眼安全与可靠性联合验收及整车道路验证准入判定,分类,x-test-bench-daq,Test Bench / Data Acquisition Software — 台架试验的多通道采集与回放,,yes,3/3,0.63
cn-all-remaining-0913-2494d698,城乡差异时间序列趋势对比图（DID分析）,分类,x-government-statistics-portal,Government Statistics / Open Data Portal — 官方统计与开放数据查询,,no,2/3,0.45
cn-all-remaining-0914-bc4975d4,高速机器视觉检测系统镜头MTF、畸变、景深与缺陷检出联合验收及量产上线判定,分类,x-test-bench-daq,Test Bench / Data Acquisition Software — 台架试验的多通道采集与回放,,yes,3/3,0.63
cn-all-remaining-0915-15619241,小型涡扇发动机稳态性能、瞬态响应、振动、滑油燃油与耐久保护联合地面验收及飞行验证准入判定,分类,x-test-bench-daq,Test Bench / Data Acquisition Software — 台架试验的多通道采集与回放,,yes,3/3,0.63
cn-all-remaining-0916-99ed2233,航空发动机热端叶片无损检测、裂纹寿命与装机放行判定,分类,x-test-bench-daq,Test Bench / Data Acquisition Software — 台架试验的多通道采集与回放,,unsure,2/3,0.48
cn-all-remaining-0917-498f7e66,水性丙烯酸树脂连续聚合中试线物料衡算、移热能力、产品质量与安全联锁联合评审及万吨级工艺放大判定,分类,x-process-historian,Process Historian — 工厂时序位号历史库与趋势查询,,yes,3/3,0.6
cn-all-remaining-0918-4723f3b6,仓储货架 WebAR 位姿稳定、状态管理与离线回放算法实现评测,分类,ar-development,Augmented Reality (AR) Development Software,,unsure,3/3,0.45
cn-all-remaining-0919-ae74f23e,协作机器人码垛工作站TCP位姿、3D视觉、节拍良率、安全功能与故障恢复联合验收及量产投运判定,分类,x-test-bench-daq,Test Bench / Data Acquisition Software — 台架试验的多通道采集与回放,,yes,3/3,0.58
cn-all-remaining-0920-d3ea6ee1,城市轨道交通CBTC多源定位、制动防护、联锁冲突与运营发布准入判定,分类,x-test-bench-daq,Test Bench / Data Acquisition Software — 台架试验的多通道采集与回放,,unsure,3/3,0.47
cn-all-remaining-0921-befeee11,海上风电场多源气象同化、阵风爬坡预测与调度发布准入判定,分类,weather-data-software,Weather Data Software,,unsure,3/3,0.57
cn-all-remaining-0922-76ab0a78,固态电解质阻抗谱、锂枝晶寿命与配方放大准入判定,分类,x-test-bench-daq,Test Bench / Data Acquisition Software — 台架试验的多通道采集与回放,,unsure,3/3,0.48
cn-all-remaining-0923-15b15695,露天矿边坡多源监测、失稳预测与采场作业准入判定,分类,x-process-historian,Process Historian — 工厂时序位号历史库与趋势查询,,unsure,1/3,0.48
cn-all-remaining-0924-4456a733,连栋玻璃温室环境控制、灌溉施肥、病害风险与采收准入判定,分类,connected-agriculture,Connected Agriculture Software,,unsure,2/3,0.48
cn-all-remaining-0925-0b3469e8,纯电动乘用车制动能量回收、热衰退、ABS稳定性与制动线控故障降级联合验证及SOP放行判定,分类,x-test-bench-daq,Test Bench / Data Acquisition Software — 台架试验的多通道采集与回放,,yes,3/3,0.63
cn-all-remaining-0926-04473aa5,直流充电桩CAN报文解析、充电会话状态机与故障追溯,分类,ev-charging-management,EV Charging Management,,yes,3/3,0.55
cn-all-remaining-0927-18815878,电商促销结算引擎V3.2回归测试、金额守恒与发布门禁核验,分类,automation-testing-tools,Automation Testing Tools,,no,2/3,0.6
cn-all-remaining-0928-d694ced9,冷藏熟制鸡胸肉气调包装货架期建模与包装方案筛选,分类,lims,LIMS Software,,yes,3/3,0.53
cn-all-remaining-0929-cfedb11d,低酸植物蛋白饮料UHT热力杀菌、无菌灌装、微生物挑战与加速货架期联合评审及量产放行判定,分类,quality-management-qms,Quality Management Systems (QMS),,yes,2/3,0.5
cn-all-remaining-0930-3befd0d2,文创电商 618 多平台经营复盘、订单级素材归因与预算重分配,分类,e-commerce-analytics,E-Commerce Analytics Software,,yes,3/3,0.62
cn-all-remaining-0931-23dd643d,品牌定制微综艺单集 D-1 导演执行包重排与权益落地,分类,project-management,Project Management Software,,no,1/3,0.32
cn-all-remaining-0932-1d6d259d,协作机器人关节RV减速器加速寿命、B10可靠性与DVT放行审计,分类,x-test-bench-daq,Test Bench / Data Acquisition Software — 台架试验的多通道采集与回放,,yes,3/3,0.67
cn-all-remaining-0933-8ea9ae7d,精密阀芯外径量具R&R、SPC异常追溯与批次放行复核,分类,quality-management-qms,Quality Management Systems (QMS),,yes,3/3,0.65
cn-all-remaining-0934-444b3c56,消费电子工厂0.4kV配电系统电能质量、无功补偿与保护整定整改冻结复核,分类,x-process-historian,Process Historian — 工厂时序位号历史库与趋势查询,,yes,2/3,0.57
cn-all-remaining-0935-68660327,动力电池模组汇流排激光焊接量测系统、DOE配方与PPAP量产冻结审计,分类,manufacturing-execution-system,Manufacturing Execution System (MES) Software,,yes,3/3,0.65
cn-all-remaining-0936-aa42df06,车载DC/DC电源模块双应力加速寿命、竞争失效建模与量产可靠性放行复核,分类,x-test-bench-daq,Test Bench / Data Acquisition Software — 台架试验的多通道采集与回放,,yes,3/3,0.67
cn-all-remaining-0937-6374de20,游戏技术美术（TA）人才需求、能力缺口与团队编制研究,分类,job-board,Job Board Software,,yes,2/3,0.53
cn-all-remaining-0938-0175cfde,汽车外板IF钢LF-RH精炼、钙处理与连铸洁净度/浇次放行审计,分类,x-process-historian,Process Historian — 工厂时序位号历史库与趋势查询,,yes,3/3,0.58
cn-all-remaining-0939-ab1a6294,沿海化工园区SBAS-InSAR时序沉降重建、水准验证与工程风险发布核验,分类,gis,GIS Software,,yes,3/3,0.47
cn-all-remaining-0940-94b2dc6a,长三角某研发办公楼绿色建筑二星级申报复核,分类,x-regulatory-registry,Regulatory Registry / Compliance Filing Database — 备案与合规申报检索库,,yes,2/3,0.4
cn-all-remaining-0941-29ec8b45,ADAS前视摄像头镜头模组MTF、杂散光、光谱与DV/PV量产冻结审计,分类,x-test-bench-daq,Test Bench / Data Acquisition Software — 台架试验的多通道采集与回放,,yes,3/3,0.65
cn-all-remaining-0942-65033b58,冷藏即食食品CCP杀菌、冷链暴露、微生物风险与召回放行判定,分类,food-safety-management,Food Safety Management Software,,yes,3/3,0.65
cn-all-remaining-0943-467f2a4f,大型会展中心5G室内分布系统覆盖、切换、容量与故障回退联合验收及商用开通判定,分类,network-monitoring,Network Monitoring Software,,yes,3/3,0.43
cn-all-remaining-0944-1ca3a5c9,跨平台实时渲染器帧时间、画质、着色器、显存、时间域稳定性与崩溃恢复联合验收及版本发布判定,分类,game-engine,Game Engine Software,,yes,3/3,0.48
cn-all-remaining-0945-63165974,企业客户门户API授权边界、网关控制与修复回归复核,分类,api-security,API Security Tools,,yes,3/3,0.7
cn-all-remaining-0946-f43aaf57,植入式骨科接骨板疲劳寿命、加速老化与批次一致性联合评审及设计转移/上市放行判定,分类,x-test-bench-daq,Test Bench / Data Acquisition Software — 台架试验的多通道采集与回放,,yes,3/3,0.57
cn-all-remaining-0947-03516a1f,跨服赛季排行榜结算、并列排名与幂等奖励发放,分类,x-game-liveops-console,Game Engine Editor / LiveOps Admin Console — 游戏内容编辑器或运营后台,,yes,3/3,0.53
cn-all-remaining-0948-b0c93dc1,注塑连接器壳体关键尺寸过程能力、异常批次与放行门槛核验,分类,quality-management-qms,Quality Management Systems (QMS),,yes,3/3,0.58
cn-all-remaining-0949-8fa819f1,连续 EEG 睁闭眼数据的伪重复控制、枕区 Alpha 检验与解码泄漏审计,分类,x-research-dataset-repository,Research Dataset Repository — 公开数据集下载页与元数据,,yes,3/3,0.89
cn-all-remaining-0950-9dedf66d,退役金属加工厂地下水氯代烃监测质控、趋势判定与羽流复核,分类,environmental-quality-and-safety-management,"Environmental, Quality and Safety Management  Software",,yes,3/3,0.52
cn-all-remaining-0951-95b279fc,北京多站点空气质量质控与 PM2.5 缺失修复评估,分类,x-research-dataset-repository,Research Dataset Repository — 公开数据集下载页与元数据,,yes,2/2,0.85
cn-all-remaining-0952-e3358bdf,上市后多来源安全信息批量分诊、重复病例合并与E2B R3加速报告生成,分类,regulatory-information-management-rim-systems,Regulatory Information Management (RIM) Systems,,yes,2/2,0.38
cn-all-remaining-0953-9271adc9,厄贝沙坦片上市许可申请申报前资料核查与放行评估,分类,regulatory-information-management-rim-systems,Regulatory Information Management (RIM) Systems,,yes,2/2,0.65
cn-all-remaining-0954-bb700950,532 nm 10×激光扩束准直模组批量光束质量验收与装调补偿,分类,x-test-bench-daq,Test Bench / Data Acquisition Software — 台架试验的多通道采集与回放,,yes,2/2,0.85
cn-all-remaining-0955-5ce45980,LYO-03冻干机抽真空超时偏差调查、参数恢复验证与PM表单修订,分类,x-process-historian,Process Historian — 工厂时序位号历史库与趋势查询,,yes,2/2,0.75
cn-all-remaining-0956-fb447e98,PW-01纯化水系统季度回顾底稿修复、异常证据链复核与QA评审材料输出,分类,x-process-historian,Process Historian — 工厂时序位号历史库与趋势查询,,yes,2/2,0.7
cn-all-remaining-0957-769c12d9,盐酸二甲双胍片三批压片偏差复核、受影响物料界定与72小时产能恢复排产,分类,manufacturing-execution-system,Manufacturing Execution System (MES) Software,,yes,2/2,0.72
cn-all-remaining-0958-a386a245,六城市平面设计师岗位需求、薪酬与技能结构行业研究,分类,job-search-sites,Job Search Sites,,yes,2/2,0.6
cn-all-remaining-0959-a0124dc6,产业园道路路基土方复核与竣工断面偏差分析,分类,civil-engineering-design,Civil Engineering Design Software,,no,2/2,0.55
cn-all-remaining-0960-fd36102b,工程项目经理公开招聘样本清洗、任职门槛与能力模型研究,分类,job-search-sites,Job Search Sites,,yes,2/2,0.57
cn-all-remaining-0961-cea1fcda,渤海潮汐潮流数值模拟：从真实水深/岸线数据到调和分析与情景诊断,分类,x-research-dataset-repository,Research Dataset Repository — 公开数据集下载页与元数据,,yes,2/2,0.7
cn-all-remaining-0962-bdcaeabc,滚动轴承振动诊断与剥落尺寸定量,分类,x-test-bench-daq,Test Bench / Data Acquisition Software — 台架试验的多通道采集与回放,,yes,2/2,0.85
cn-all-remaining-0963-6a4b01d0,东港科创中心A座 IFC 模型属性、净高与碰撞联合审查,分类,building-design-and-building-information-modeling-bim,Building Design and Building Information Modeling (BIM) Software,,yes,3/3,0.85
cn-all-remaining-0964-1196f166,交通设施运维总图与分区图编制,分类,civil-engineering-design,Civil Engineering Design Software,,yes,3/3,0.7
cn-all-remaining-0965-3d040bba,    产业园区企业诉求、政策申报与重点企业服务闭环复盘    ,分类,crm,CRM Software,,yes,2/3,0.47
cn-all-remaining-0966-56d245f7,跨境物流运费结算对账与发布封板复核,分类,freight-management,Freight Management Software,,unsure,3/3,0.43
cn-all-remaining-0967-40ec7019,电信话单(CDR)批价对账与发布封板复核,分类,billing,Billing Software,,unsure,3/3,0.4
cn-all-remaining-0968-a554494c,薪资个税计算复核与发布封板审计,分类,payroll,Payroll Software,,unsure,3/3,0.47
cn-all-remaining-0970-194c0e46,保险理赔核验对账与发布封板审计,分类,insurance-claims-management,Insurance Claims Management Software,,unsure,3/3,0.47
cn-all-remaining-0971-9cb42684,银行贷款利息核验对账与发布封板审计,分类,loan-servicing,Loan Servicing Software,,unsure,3/3,0.47
cn-all-remaining-0972-58036ef4,跨境电商进口税费核验对账与发布封板审计,分类,trade-compliance,Trade Compliance,,unsure,3/3,0.42
cn-all-remaining-0973-7a1c435c,酒店预订结算核验对账与发布封板审计,分类,hotel-management,Hotel Management Software,,unsure,2/3,0.43
cn-all-remaining-0974-4790d8bf,物业费核验对账与发布封板审计,分类,property-management,Property Management Software,,unsure,3/3,0.47
cn-all-remaining-0975-ea568465,空气质量监测数据核验与发布封板审计,分类,environmental-health-and-safety,Environmental Health and Safety Software,,unsure,2/3,0.37
cn-all-remaining-0976-5aa6f01c,网约车计费核验与发布封板审计,分类,ride-sharing,Ride Sharing Software,,unsure,3/3,0.47
cn-all-remaining-0977-49dbb8c6,交通流核验与发布封板审计,分类,transportation,Transportation Software,,unsure,2/3,0.33
cn-all-remaining-0978-44ed4df9,水质评价核验与发布封板审计,分类,environmental-quality-and-safety-management,"Environmental, Quality and Safety Management  Software",,unsure,3/3,0.45
cn-all-remaining-0979-0d29ab51,声学噪声评价核验与发布封板复核,分类,environmental-quality-and-safety-management,"Environmental, Quality and Safety Management  Software",,unsure,3/3,0.43
cn-all-remaining-0980-6a4254c5,结构力学核验与发布封板审计,分类,civil-engineering-design,Civil Engineering Design Software,,unsure,2/3,0.42
cn-all-remaining-0981-628b31f9,建筑热工传热核验与发布封板审计,分类,building-design-and-building-information-modeling-bim,Building Design and Building Information Modeling (BIM) Software,,unsure,2/3,0.42
cn-all-remaining-0982-97178bfe,建筑热工传热分析核验与发布封板复核,分类,building-design-and-building-information-modeling-bim,Building Design and Building Information Modeling (BIM) Software,,unsure,2/3,0.42
cn-all-remaining-0983-73dcdfda,岩土工程核验与发布封板复核,分类,civil-engineering-design,Civil Engineering Design Software,,unsure,3/3,0.4
cn-all-remaining-0984-e729d438,材料力学分析核验与发布封板复核,分类,x-test-bench-daq,Test Bench / Data Acquisition Software — 台架试验的多通道采集与回放,,unsure,3/3,0.45
cn-all-remaining-0985-65cb1fbe,香氛新品首发 KV 的 AIGC 多平台版本化适配、交付归档与自动质检,分类,graphic-design,Graphic Design Software,,yes,3/3,0.52
cn-all-remaining-0986-6e952e64,半圆形径向小提琴图,分类,weather-data-software,Weather Data Software,,yes,3/3,0.47
cn-all-remaining-0987-086c66e0,哮喘用药与神经精神事件的自发报告信号评估,分类,regulatory-information-management-rim-systems,Regulatory Information Management (RIM) Systems,,yes,3/3,0.38
cn-all-remaining-0988-a20bde35,随机森林特征重要性排序与相关性热力图组合图,分类,x-research-dataset-repository,Research Dataset Repository — 公开数据集下载页与元数据,,yes,3/3,0.48
cn-all-remaining-0989-f5bd3548,复核 Amber 罐区正丁烷球罐综合强度与支承稳定性,分类,simulation-cae,Simulation & CAE Software,,yes,2/3,0.4
cn-all-remaining-0990-ce20c74a,交通信号管线与手孔井专项运维图编制,分类,civil-engineering-design,Civil Engineering Design Software,,yes,3/3,0.53
cn-all-remaining-0991-aea4e661,Buchwald-Hartwig 反应条件数据的可复算审计,分类,x-research-dataset-repository,Research Dataset Repository — 公开数据集下载页与元数据,,yes,3/3,0.8
cn-all-remaining-0996-36bc0e6f,退役锂离子电芯容量评定与梯次分选,分类,x-test-bench-daq,Test Bench / Data Acquisition Software — 台架试验的多通道采集与回放,,yes,3/3,0.58
cn-all-remaining-1000-78619d1a,球罐球壳分带排板设计与下料出图,分类,mechanical-computer-aided-design-mcad,Mechanical Computer-aided Design (MCAD) Software,,yes,3/3,0.5
cn-all-remaining-1001-4e972668,环形热图与韦恩图组合图,分类,x-genomics-data-repository,Genomics / Bioinformatics Data Repository — 组学数据集与样本注释,,yes,2/3,0.52
cn-all-remaining-1002-a2020f5d,小提琴图与相关性矩阵组合图,分类,x-research-dataset-repository,Research Dataset Repository — 公开数据集下载页与元数据,,unsure,3/3,0.33
cn-all-remaining-1026-123158fd,多阶段分析流水线的数据链完整性重建与结果资格分层审计,分类,x-motion-capture-biomechanics-lab,Motion Capture / Biomechanics Lab Software — 动捕采集与肌骨建模工作流,,yes,3/3,0.78
cn-all-remaining-1027-651a1bb4,多版本目录漂移下的逻辑文件角色发现、内容去重与歧义裁决,分类,x-motion-capture-biomechanics-lab,Motion Capture / Biomechanics Lab Software — 动捕采集与肌骨建模工作流,,yes,3/3,0.78
cn-all-remaining-1028-e4a02293,多源时序数据的时间轴一致性审计与无外推重采样决策,分类,x-motion-capture-biomechanics-lab,Motion Capture / Biomechanics Lab Software — 动捕采集与肌骨建模工作流,,yes,3/3,0.78
cn-all-remaining-1029-d4bc99ad,多格式数据文件的结构完整性、数值有效性与可移植引用审计,分类,x-motion-capture-biomechanics-lab,Motion Capture / Biomechanics Lab Software — 动捕采集与肌骨建模工作流,,yes,3/3,0.78
cn-all-remaining-1030-f5a56da3,结构化模型文件的拓扑一致性、参数指纹与重复版本分层审计,分类,x-motion-capture-biomechanics-lab,Motion Capture / Biomechanics Lab Software — 动捕采集与肌骨建模工作流,,yes,2/2,0.85
cn-all-remaining-1031-e0378e8c,异构字段映射的命名兼容性、空值模式与配置引用联合诊断,分类,x-motion-capture-biomechanics-lab,Motion Capture / Biomechanics Lab Software — 动捕采集与肌骨建模工作流,,yes,2/2,0.86
cn-all-remaining-1032-afa0646c,流程成功状态与数值质量冲突下的四层质量门控与结果可用性判定,分类,x-motion-capture-biomechanics-lab,Motion Capture / Biomechanics Lab Software — 动捕采集与肌骨建模工作流,,yes,2/2,0.85
cn-all-remaining-1033-da2105bb,上游质量警告与下游拟合误差的描述性关系及小样本推断边界分析,分类,x-motion-capture-biomechanics-lab,Motion Capture / Biomechanics Lab Software — 动捕采集与肌骨建模工作流,,yes,2/2,0.85
cn-all-remaining-1034-5076252b,双阶段配置漂移、类型保真与字段流向追溯审计,分类,x-motion-capture-biomechanics-lab,Motion Capture / Biomechanics Lab Software — 动捕采集与肌骨建模工作流,,unsure,2/2,0.68
cn-all-remaining-1035-cea90978,多采样率时序信号平滑窗口的物理时间等价性、合法窗长反算与配置有效性审计,分类,x-motion-capture-biomechanics-lab,Motion Capture / Biomechanics Lab Software — 动捕采集与肌骨建模工作流,,yes,2/2,0.8
cn-all-remaining-1041-c4d4364e,合成地面反力代理信号的接触事件确定性重建、归一化波形与二十七情景规则敏感性分析,分类,x-motion-capture-biomechanics-lab,Motion Capture / Biomechanics Lab Software — 动捕采集与肌骨建模工作流,,unsure,2/2,0.65
cn-all-remaining-1042-b1c822c2,合成地面反力代理信号的接触事件确定性重建、归一化波形与二十七情景规则敏感性分析,分类,x-motion-capture-biomechanics-lab,Motion Capture / Biomechanics Lab Software — 动捕采集与肌骨建模工作流,,unsure,2/2,0.65
cn-all-remaining-1048-c591344c,TOML二次序列化方言的安全解析、类型保真与 Schema 往返闭合,分类,x-motion-capture-biomechanics-lab,Motion Capture / Biomechanics Lab Software — 动捕采集与肌骨建模工作流,,unsure,2/2,0.55
cn-all-remaining-1049-d95e26d6,Legacy 事件数组与 Refined Pairs 的拓扑、数值及 Authority 一致性审计,分类,x-motion-capture-biomechanics-lab,Motion Capture / Biomechanics Lab Software — 动捕采集与肌骨建模工作流,,yes,2/2,0.77
cn-all-remaining-1050-3c8b881b,内容时间字段、偏序 DAG 与时钟域可信性联合审计,分类,x-motion-capture-biomechanics-lab,Motion Capture / Biomechanics Lab Software — 动捕采集与肌骨建模工作流,,unsure,2/2,0.7
cn-all-remaining-1051-20e2a392,逐指标空值分母、边界权重、P95/CV 与发布汇总公式指纹复算,分类,x-motion-capture-biomechanics-lab,Motion Capture / Biomechanics Lab Software — 动捕采集与肌骨建模工作流,,yes,2/2,0.75
cn-all-remaining-1052-5af33928,多源质量字段、OSIM Body 汇总与归一化除数污染血缘,分类,x-motion-capture-biomechanics-lab,Motion Capture / Biomechanics Lab Software — 动捕采集与肌骨建模工作流,,yes,2/2,0.55
cn-all-remaining-1053-9f8259c5,Legacy/Refined 多特征方言签名、公共视图与信息损失审计,分类,x-motion-capture-biomechanics-lab,Motion Capture / Biomechanics Lab Software — 动捕采集与肌骨建模工作流,,yes,2/2,0.53
cn-all-remaining-1054-83ab11e1,报告内嵌 JSON 快照与独立资产的 Schema-Aware 递归版本偏斜,分类,x-motion-capture-biomechanics-lab,Motion Capture / Biomechanics Lab Software — 动捕采集与肌骨建模工作流,,yes,2/2,0.53
cn-all-remaining-1055-0722dc39,Record-Step 事件细化三态真值表、部分成功语义与下游准入,分类,x-motion-capture-biomechanics-lab,Motion Capture / Biomechanics Lab Software — 动捕采集与肌骨建模工作流,,yes,2/2,0.55
cn-all-remaining-1087-0475891c,球壳板订货规格与下料排板、样板编制,分类,mechanical-computer-aided-design-mcad,Mechanical Computer-aided Design (MCAD) Software,,yes,2/2,0.62
cn-all-remaining-1088-31bcc26f,球罐本体水压、气密试验及沉降监测布置图,分类,mechanical-computer-aided-design-mcad,Mechanical Computer-aided Design (MCAD) Software,,yes,2/2,0.57
cn-all-remaining-1089-4ff6887d,现场组焊与无损检测布置图编制,分类,mechanical-computer-aided-design-mcad,Mechanical Computer-aided Design (MCAD) Software,,yes,2/2,0.57
cn-all-remaining-1090-c33ca50d,构建 FEC 2024 联邦参议院委员会资金流、修订血缘与限额筛查审计产品,分类,x-regulatory-registry,Regulatory Registry / Compliance Filing Database — 备案与合规申报检索库,,yes,2/2,0.68
cn-all-remaining-1091-55784277,IRS 2022–2023 县际迁移发布、披露与 Census 邻接走廊审计,分类,x-government-statistics-portal,Government Statistics / Open Data Portal — 官方统计与开放数据查询,,yes,2/2,0.73
cn-all-remaining-1094-a7759ced,CMS 加州护理院检查、执法与所有权网络监管审计,分类,x-regulatory-registry,Regulatory Registry / Compliance Filing Database — 备案与合规申报检索库,,yes,2/2,0.62
cn-all-remaining-1096-067138a9,构建 MSHA 2024 Part 50 矿山伤害、工时暴露与官方发布对账审计数据产品,分类,x-regulatory-registry,Regulatory Registry / Compliance Filing Database — 备案与合规申报检索库,,yes,2/2,0.6
cn-all-remaining-1097-96b36b44,构建美国国会图书馆中文 MARC 多语种权威与系谱迁移审计产品,分类,library-management-systems,Library Management Systems,,yes,2/2,0.7
cn-all-remaining-1098-eff835fa,构建 Wikimedia 非营利组织税务、资助与关联方尽调审计,分类,x-regulatory-registry,Regulatory Registry / Compliance Filing Database — 备案与合规申报检索库,,yes,3/3,0.67
cn-all-remaining-1099-a6550f2f,MSHA 2024-H2 Impact Inspection Enforcement and Adjudication Audit,分类,x-regulatory-registry,Regulatory Registry / Compliance Filing Database — 备案与合规申报检索库,,yes,3/3,0.72
cn-all-remaining-1100-804b4868,多租户数据交换平台Kubernetes RBAC、网络隔离与生产上线安全门禁审计,分类,cloud-native-application-protection-platform-cnapp,Cloud-Native Application Protection Platform (CNAPP),,yes,2/3,0.62
cn-all-remaining-1101-68974701,生物信息学工程师人才供需、技能栈与招聘策略研究,分类,applicant-tracking-systems-ats,Applicant Tracking Systems (ATS),,yes,2/3,0.5
cn-all-remaining-1102-75cdeb82,工业伺服驱动器冷却风扇加速寿命Weibull可靠性评估与量产门槛核验,分类,x-test-bench-daq,Test Bench / Data Acquisition Software — 台架试验的多通道采集与回放,,yes,3/3,0.65
cn-all-remaining-1103-825a4158,券商两融重点账户日终担保品折算、压力测试与追保处置复核,分类,brokerage-trading-platforms,Brokerage Trading Platforms,,yes,2/3,0.55
cn-all-remaining-1104-be743d3f,药物研发科学家人才供需、技能结构与团队配置研究,分类,applicant-tracking-systems-ats,Applicant Tracking Systems (ATS),,yes,2/3,0.5
cn-all-remaining-1105-66d3d053,研发办公楼地下室及首层结构工程量清单与招标控制价复核,分类,construction-estimating-software,Construction Estimating Software,,yes,3/3,0.68
cn-all-remaining-1106-c492795e,PC High Render Graph异步计算、瞬态资源Alias与TAA时域稳定性封板复核,分类,game-engine,Game Engine Software,,yes,3/3,0.58
cn-all-remaining-1107-49687a7c,冬小麦氮肥梯度田间试验数据质控、RCBD统计、经济—环境联合推荐与增效处理复现评估,分类,agriculture,Agriculture Software,,yes,3/3,0.52
cn-all-remaining-1108-9999aa90,犊牛呼吸道病原多重qPCR批次质控、样本判定与场群病原谱复核,分类,lims,LIMS Software,,yes,3/3,0.57
cn-all-remaining-1109-f8ee441a,GH4169 LPBF工艺资格成形板旧版方法审计、多源材料数据复核与批次放行判定,分类,lims,LIMS Software,,yes,2/3,0.53
cn-all-remaining-1110-b3ea4f84,低轨遥感卫星高仰角过境测控链路短时失锁复盘、帧连续性审计与稳定性放行核验,分类,x-test-bench-daq,Test Bench / Data Acquisition Software — 台架试验的多通道采集与回放,,yes,3/3,0.52
cn-all-remaining-1111-780b1ffb,低轨遥感卫星多站日弧测量方法缺陷审计、时频/标校异常复核与交班放行核验,分类,x-test-bench-daq,Test Bench / Data Acquisition Software — 台架试验的多通道采集与回放,,yes,3/3,0.47
cn-all-remaining-1113-3cca4370,0–1 MPa智能压力变送器遗留校准工程复核、测量不确定度与批次放行,分类,calibration,Calibration Software,,yes,3/3,0.75
cn-all-remaining-1114-47bd2c78,77 GHz FMCW雷达多通道标定、二维CFAR检测与多帧航迹封版复核,分类,x-test-bench-daq,Test Bench / Data Acquisition Software — 台架试验的多通道采集与回放,,yes,3/3,0.62
cn-all-remaining-1115-3ce39934,杉木人工林近自然改造4年永久样地复测、RCBD成效检验与阶段验收复核,分类,forestry,Forestry Software,,yes,3/3,0.68
cn-all-remaining-1116-e3c0e7a3,双细胞系小分子联合用药实验的数据质控、剂量效应、协同窗口与候选推进复核,分类,drug-discovery,Drug Discovery Software,,yes,2/3,0.55
cn-all-remaining-1117-12938668,南美白对虾夜间增氧与投喂联动试验数据复核、区组校正分析与60 m³中试放行,分类,agriculture,Agriculture Software,,yes,1/3,0.42
cn-all-remaining-1118-b4487f83,大口黑鲈低鱼粉日粮56天饲喂试验数据复核、可复现统计评价与配方放大判定,分类,agriculture,Agriculture Software,,yes,3/3,0.38
cn-all-remaining-1119-5b062242,三级医院药库效期与库存周转专项复盘、跨药房调拨及采购调整,分类,pharmacy-inventory-management,Pharmacy Inventory Management Software,,yes,3/3,0.77
cn-all-remaining-1120-e886576e,超导量子处理器Q3–Q4 CZ门维护后复校、旧版方法审计与短期放行核验,分类,x-test-bench-daq,Test Bench / Data Acquisition Software — 台架试验的多通道采集与回放,,yes,2/3,0.55
cn-all-remaining-1121-8f9c7f01,低温 Hall 磁输运方法审计、双载流子复核与论文图发布门槛核验,分类,x-test-bench-daq,Test Bench / Data Acquisition Software — 台架试验的多通道采集与回放,,yes,3/3,0.57
cn-all-remaining-1122-0e0a5c47,晶圆缺陷图谱CNN的lot级验证、概率校准与影子运行准入复核,分类,manufacturing-execution-system,Manufacturing Execution System (MES) Software,,yes,3/3,0.48
cn-all-remaining-1123-2b49c9e3,多渠道客服意图路由模型灰度上线准入复核与人工兜底策略评审,分类,x-ml-experiment-tracking,ML Experiment Tracking / Model Registry — 逐 run 指标对比与模型版本,,unsure,2/2,0.5
cn-all-remaining-1124-dd6054d2,HSM TRNG固件采样路径变更的健康测试重放、基线回归与封板评审,分类,x-test-bench-daq,Test Bench / Data Acquisition Software — 台架试验的多通道采集与回放,,yes,2/2,0.72
cn-all-remaining-1125-9f6e42af,凌星候选 CAND-017.01 三扇区光变复核、v1 方法审计与后续观测申请放行,分类,x-research-dataset-repository,Research Dataset Repository — 公开数据集下载页与元数据,,yes,2/2,0.57
cn-all-remaining-1127-eb1513b4,区域自动气象站分钟观测质量复核、主备切换与业务发布准入,分类,weather-data-software,Weather Data Software,,yes,2/2,0.68
cn-all-remaining-1128-a9104579,平面设计师人才需求、技能结构与品牌视觉服务机会研究,分类,job-board,Job Board Software,,yes,2/2,0.57
cn-all-remaining-1129-a5a00495,智慧城市工程技术人才需求、技能结构与智慧城市项目机会研究,分类,job-board,Job Board Software,,yes,2/2,0.57
cn-all-remaining-1130-de532a93,Unity开发工程师人才供需、技术栈与团队配置研究,分类,job-board,Job Board Software,,yes,2/2,0.57
cn-all-remaining-1131-804a6ac8,片剂稳定性统计复核与货架期建议,分类,lims,LIMS Software,,yes,2/2,0.7
cn-all-remaining-1132-08f39a42,市政排水工程月度进度更新、恢复计划与变更评估,分类,construction-project-management,Construction Project Management Software,,yes,2/2,0.6
cn-all-remaining-1133-fd7fd7e8,战斗结算规则核验与自动化回归练习,分类,x-game-liveops-console,Game Engine Editor / LiveOps Admin Console — 游戏内容编辑器或运营后台,,unsure,2/2,0.48
cn-all-remaining-1134-4eeef84f,手游活动奖励与经济闭环规则核验练习,分类,x-game-liveops-console,Game Engine Editor / LiveOps Admin Console — 游戏内容编辑器或运营后台,,unsure,2/2,0.53
cn-all-remaining-1135-06287ec9,PAC 加药撬双泵 PLC 联锁、轮换与 FAT 交付,分类,supervisory-control-and-data-acquisition-scada,Supervisory Control and Data Acquisition (SCADA) Software,,yes,2/2,0.6
cn-all-remaining-1136-b1a3b3ca,限时卡池结算基准样本与回归框架验证,分类,x-game-liveops-console,Game Engine Editor / LiveOps Admin Console — 游戏内容编辑器或运营后台,,no,3/3,0.65
cn-all-remaining-1137-bfbce4b9,商业车险逐赔案准备金算法测试夹具、随机分布与资本门限验证,分类,insurance-analytics,Insurance Analytics Software,,no,2/3,0.67
cn-all-remaining-1138-79d89db6,空气传播塑料圈特征与行星健康威胁关联图,分类,data-visualization-tools,Data Visualization Tools,,unsure,2/3,0.45
cn-all-remaining-1139-b42b94fb,3D瀑布图,分类,x-test-bench-daq,Test Bench / Data Acquisition Software — 台架试验的多通道采集与回放,,yes,3/3,0.48
cn-all-remaining-1140-3069d89e,城市交通变化桑基图,分类,data-visualization-tools,Data Visualization Tools,,unsure,2/3,0.42
cn-all-remaining-1141-513f5d89,环形柱状图,分类,statistical-analysis,Statistical Analysis Software,,yes,2/3,0.52
cn-all-remaining-1142-d9c9c6a5,睡眠特征与脑区关联环形热图,分类,x-research-dataset-repository,Research Dataset Repository — 公开数据集下载页与元数据,,yes,2/3,0.48
cn-all-remaining-1143-0899ebce,2023 Delaware HMDA Regulation C Release-Control Audit,分类,x-regulatory-registry,Regulatory Registry / Compliance Filing Database — 备案与合规申报检索库,,yes,2/3,0.85
cn-all-remaining-1144-8a6c2142,构建 GSA 交付订单修改生命周期、义务额台账与父 IDV 对账产品,分类,x-government-statistics-portal,Government Statistics / Open Data Portal — 官方统计与开放数据查询,,yes,2/3,0.8
cn-all-remaining-1150-aa72ec91,NPS 国家历史名录登记事件、状态快照与空间谱系审计,分类,x-regulatory-registry,Regulatory Registry / Compliance Filing Database — 备案与合规申报检索库,,yes,3/3,0.62
cn-all-remaining-1152-b88db992,SEC 2024 Adjudicatory Proceeding Lifecycle Audit,分类,x-regulatory-registry,Regulatory Registry / Compliance Filing Database — 备案与合规申报检索库,,yes,3/3,0.75
cn-all-remaining-1153-b114d9d2,多面板哑铃图,分类,data-visualization-tools,Data Visualization Tools,,unsure,1/3,0.43
cn-all-remaining-1154-a4e657f2,半环形多变量组合图,分类,agriculture,Agriculture Software,,yes,2/3,0.37
cn-all-remaining-1155-8bbddd06,相关性热图与特征重要性组合图,分类,x-materials-property-database,Materials Property Database — 材料结构与性质检索库,,yes,3/3,0.57
cn-all-remaining-1156-7d53487b,三角洲区域地面沉降与全球海平面上升对比组合图,分类,x-research-dataset-repository,Research Dataset Repository — 公开数据集下载页与元数据,,yes,3/3,0.52
cn-all-remaining-1157-9b5ebe33,基于SHAP的随机森林特征空间贡献分布图,分类,gis,GIS Software,,yes,3/3,0.63
cn-all-remaining-1158-3aa32639,SHAP蜂群图与条形图+相对贡献3D饼图组合图,分类,gis,GIS Software,,yes,3/3,0.45
cn-all-remaining-1159-4a4c6ea6,分组相关性矩阵图,分类,statistical-analysis,Statistical Analysis Software,,no,3/3,0.45
cn-all-remaining-1160-ef830f6d,CatBoost多分类SHAP蜂群图与贡献玫瑰图组合图,分类,machine-learning,Machine Learning Software,,no,3/3,0.32
cn-all-remaining-1161-7adde7ff,FHWA Delaware Bridge Element Condition Reconciliation,分类,infrastructure-asset-management,Infrastructure Asset Management Software,,yes,2/3,0.68
cn-all-remaining-1163-87b43970,USDA SSURGO Sonoma Soil Foundation Interpretation Audit,分类,x-government-statistics-portal,Government Statistics / Open Data Portal — 官方统计与开放数据查询,,yes,2/3,0.52
cn-all-remaining-1164-4f0e142d,构建美联储 2024 压力测试与资本要求修订调和审计,分类,x-regulatory-registry,Regulatory Registry / Compliance Filing Database — 备案与合规申报检索库,,yes,2/3,0.57
cn-all-remaining-1169-9af1b22b,构建 Unicode 15.1 至 16.0 标识符安全迁移与同形碰撞审计产品,分类,x-research-dataset-repository,Research Dataset Repository — 公开数据集下载页与元数据,,yes,2/3,0.38
cn-all-remaining-1172-be243fd3,构建 Kubernetes 1.29→1.32 OpenAPI schema 与 metrics-server 依赖迁移门禁,分类,container-orchestration,Container Orchestration Tools,,yes,3/3,0.58
cn-all-remaining-1176-1da3ce1d,EPA TRI PFAS 释放与废物管理变更控制核验,分类,x-regulatory-registry,Regulatory Registry / Compliance Filing Database — 备案与合规申报检索库,,yes,3/3,0.72
cn-all-remaining-1177-c31afdfe,美加 2024 年消费品召回标识、伤害与补救措施跨境一致性审计,分类,x-regulatory-registry,Regulatory Registry / Compliance Filing Database — 备案与合规申报检索库,,yes,3/3,0.67
cn-all-remaining-1178-999d39af,非线性交互作用 SHAP 依赖图组合图,分类,x-research-dataset-repository,Research Dataset Repository — 公开数据集下载页与元数据,,unsure,2/3,0.33
cn-all-remaining-1179-fcde4aaf,DISA RHEL 9 STIG 与 NIST OSCAL 安全控制治理审计,分类,x-regulatory-registry,Regulatory Registry / Compliance Filing Database — 备案与合规申报检索库,,yes,2/3,0.63
cn-all-remaining-1180-0e2cadcc,BTS-CBP 陆路口岸货运流量与月度连续性核验,分类,x-government-statistics-portal,Government Statistics / Open Data Portal — 官方统计与开放数据查询,,yes,3/3,0.75
cn-all-remaining-1181-c84e0e6e,XGBoost 全局 SHAP 解释组合图,分类,x-research-dataset-repository,Research Dataset Repository — 公开数据集下载页与元数据,,unsure,2/3,0.32
cn-all-remaining-1183-ad6aeed5,USDA RMA 农作物保险损失原因与赔款闭包核验,分类,x-government-statistics-portal,Government Statistics / Open Data Portal — 官方统计与开放数据查询,,yes,3/3,0.7
cn-all-remaining-1184-7d57859b,AHRQ 患者安全指标 v2023—v2024 临床代码集谱系与发布影响审计,分类,x-government-statistics-portal,Government Statistics / Open Data Portal — 官方统计与开放数据查询,,yes,3/3,0.62
cn-all-remaining-1186-bab0b07d,PostgreSQL 14 至 17 与 Debian 集群升级兼容迁移审计,分类,source-code-management,Source Code Management Software,,yes,2/3,0.45
cn-all-remaining-1189-7006e8fd,南丁格尔玫瑰图,分类,data-visualization-tools,Data Visualization Tools,,no,2/3,0.35
cn-all-remaining-1191-c00b9d6f,DOE-FHWA 电动汽车替代燃料走廊充电站就绪度与缺口拓扑核验,分类,x-government-statistics-portal,Government Statistics / Open Data Portal — 官方统计与开放数据查询,,yes,2/3,0.63
cn-all-remaining-1192-e8a7b525,HUD 2025 财年小区域公平市场租金与住房券支付标准政策审计,分类,x-government-statistics-portal,Government Statistics / Open Data Portal — 官方统计与开放数据查询,,yes,3/3,0.72
cn-all-remaining-1193-f47eaab5,大都会艺术博物馆藏品与 Getty AAT 权威词迁移审计,分类,collections-management,Collections Management Software,,yes,3/3,0.63
cn-all-remaining-1194-dd6f8e42,三元相图,分类,x-research-dataset-repository,Research Dataset Repository — 公开数据集下载页与元数据,,yes,3/3,0.45
cn-all-remaining-1195-54f2007f,小提琴图与相关性矩阵组合图,分类,statistical-analysis,Statistical Analysis Software,,no,2/3,0.48
cn-all-remaining-1196-2e491509,堆叠柱状图与桑基图组合图,分类,data-visualization-tools,Data Visualization Tools,,no,2/3,0.53
cn-all-remaining-1197-4a071135,相关性分析散点图矩阵,分类,statistical-analysis,Statistical Analysis Software,,no,2/3,0.5
cn-all-remaining-1198-b373b9f2,带有误差频率分布直方图的回归拟合图,分类,weather-data-software,Weather Data Software,,unsure,2/3,0.37
cn-all-remaining-1199-e7996860,半圆形堆叠柱状图,分类,environmental-health-and-safety,Environmental Health and Safety Software,,unsure,2/3,0.42
cn-all-remaining-1200-c90ef7d2,PCoA 主坐标分析图,分类,x-genomics-data-repository,Genomics / Bioinformatics Data Repository — 组学数据集与样本注释,,yes,3/3,0.63
cn-all-remaining-1201-fc3a4bbf,多区域特征重要性与 SHAP 值分布组合图,分类,x-government-statistics-portal,Government Statistics / Open Data Portal — 官方统计与开放数据查询,,yes,2/3,0.45
cn-all-remaining-1202-7e1e5e56,环形柱状图,分类,x-genomics-data-repository,Genomics / Bioinformatics Data Repository — 组学数据集与样本注释,,yes,3/3,0.55
cn-all-remaining-1203-5b6e49c8,雷达图,分类,data-visualization-tools,Data Visualization Tools,,no,1/3,0.52
cn-all-remaining-1204-d018a431,三维条带图,分类,x-government-statistics-portal,Government Statistics / Open Data Portal — 官方统计与开放数据查询,,unsure,3/3,0.43
cn-all-remaining-1205-8acb751d,环形堆叠图+折线图组合图,分类,data-visualization-tools,Data Visualization Tools,,no,2/3,0.4
cn-all-remaining-1206-037de182,末端配送路线复核与数据质量审计委托,分类,last-mile-delivery,Last Mile Delivery Software,,yes,3/3,0.78
cn-all-remaining-1207-4ddc2ebe,XGBoost SHAP 因子摘要图与特征贡献极坐标玫瑰图组合图,分类,data-visualization-tools,Data Visualization Tools,,no,2/3,0.45
cn-all-remaining-1208-999d7a75,三维锥形曲线图,分类,x-government-statistics-portal,Government Statistics / Open Data Portal — 官方统计与开放数据查询,,no,2/3,0.43
cn-all-remaining-1209-1dea3a30,多重检验环形图,分类,x-genomics-data-repository,Genomics / Bioinformatics Data Repository — 组学数据集与样本注释,,yes,3/3,0.53
cn-all-remaining-1210-a58d9793,特征-目标相关性网络图,分类,data-visualization-tools,Data Visualization Tools,,no,2/3,0.5
cn-all-remaining-1211-7e853800,PMSM 编码器电角度零位标定,分类,x-test-bench-daq,Test Bench / Data Acquisition Software — 台架试验的多通道采集与回放,,yes,3/3,0.8
cn-all-remaining-1212-d016f772,模型性能评估扇形泰勒图,分类,data-visualization-tools,Data Visualization Tools,,no,2/3,0.48
cn-all-remaining-1213-3f5d52a4,三维柱状图绘制,分类,data-visualization-tools,Data Visualization Tools,,no,3/3,0.43
cn-all-remaining-1214-6b102c6b,径向小提琴图,分类,data-visualization-tools,Data Visualization Tools,,no,2/3,0.47
cn-all-remaining-1215-77d24289,特征相关性热图与因子分析载荷连接图,分类,data-visualization-tools,Data Visualization Tools,,no,2/3,0.47
cn-all-remaining-1216-f7ebfcc5,三元散点图绘制,分类,urban-planning-and-design,Urban Planning and Design Software,,no,2/3,0.43
cn-all-remaining-1217-82cfac32,环形云雨图绘制,分类,data-visualization-tools,Data Visualization Tools,,no,3/3,0.57
cn-all-remaining-1220-8b5989c4,EIA-860 California and Texas generator transition and ownership audit,分类,x-government-statistics-portal,Government Statistics / Open Data Portal — 官方统计与开放数据查询,,yes,3/3,0.82
cn-all-remaining-1224-25c363a2,NVD and CISA KEV temporal and severity reconciliation audit,分类,vulnerability-management,Vulnerability Management Software,,yes,2/3,0.65
cn-all-remaining-1226-dee9d6cd,Kubernetes metrics-server release manifest semantic consistency audit,分类,version-control-hosting,Version Control Hosting Software,,yes,3/3,0.62
cn-all-remaining-1227-8e526987,IANA tzdata 2026b to 2026c semantic entity migration audit,分类,version-control-hosting,Version Control Hosting Software,,yes,3/3,0.48
cn-all-remaining-1228-f66c0ac7,弧状条形图与堆叠条形图组合图,分类,data-visualization-tools,Data Visualization Tools,,no,3/3,0.57
cn-all-remaining-1229-60e5c90c,雷达气泡图绘制,分类,x-government-statistics-portal,Government Statistics / Open Data Portal — 官方统计与开放数据查询,,unsure,2/3,0.42
cn-all-remaining-1230-fa4539ed,双向工业水下螺旋桨推力跟踪控制器,分类,x-test-bench-daq,Test Bench / Data Acquisition Software — 台架试验的多通道采集与回放,,yes,3/3,0.83
cn-all-remaining-1231-6002aecb,特征相关性热图与因子分析载荷连接图,分类,data-visualization-tools,Data Visualization Tools,,no,3/3,0.53
cn-all-remaining-1232-ff5c39e1,SHAP 依赖图与 PDP 及数据分布直方图复合图,分类,data-visualization-tools,Data Visualization Tools,,no,2/3,0.5
cn-all-remaining-1233-9818d7c6,基于实船回转试验的艏向跟踪舵控器,分类,x-test-bench-daq,Test Bench / Data Acquisition Software — 台架试验的多通道采集与回放,,yes,3/3,0.83
cn-all-remaining-1234-3392f4a4,双推进器船舶推力与功率约束分配控制器,分类,x-test-bench-daq,Test Bench / Data Acquisition Software — 台架试验的多通道采集与回放,,yes,3/3,0.83
cn-all-remaining-1235-dfe1264e,高速滑行艇纵横姿态协同控制器,分类,x-test-bench-daq,Test Bench / Data Acquisition Software — 台架试验的多通道采集与回放,,yes,3/3,0.58
cn-all-remaining-1236-bfcba6a3,船用柴油机负载扰动转速调速器,分类,x-test-bench-daq,Test Bench / Data Acquisition Software — 台架试验的多通道采集与回放,,yes,3/3,0.6
cn-all-remaining-1237-0b90a276,分组线性拟合图绘制,分类,x-research-dataset-repository,Research Dataset Repository — 公开数据集下载页与元数据,,yes,2/3,0.38
cn-all-remaining-1238-8fc3385c,分组散点图与边缘分布图,分类,x-research-dataset-repository,Research Dataset Repository — 公开数据集下载页与元数据,,yes,2/3,0.4
cn-all-remaining-1239-76250601,分组散点回归拟合图与残差分析图,分类,statistical-analysis,Statistical Analysis Software,,no,2/3,0.4
cn-all-remaining-1240-c95aca35,船舶横向压载调驳横倾控制器,分类,x-test-bench-daq,Test Bench / Data Acquisition Software — 台架试验的多通道采集与回放,,yes,3/3,0.6
cn-all-remaining-1241-8a1b94a2,低速船舶三自由度动力定位控制器,分类,x-test-bench-daq,Test Bench / Data Acquisition Software — 台架试验的多通道采集与回放,,yes,3/3,0.6
cn-all-remaining-1242-e9bec0dd,分组棒棒糖图绘制,分类,x-genomics-data-repository,Genomics / Bioinformatics Data Repository — 组学数据集与样本注释,,yes,2/3,0.38
cn-all-remaining-1243-1f46d838,环形柱状图绘制,分类,x-research-dataset-repository,Research Dataset Repository — 公开数据集下载页与元数据,,yes,1/3,0.37
cn-all-remaining-1244-cd3d21b5,新装工业离心风机静压与失速裕度控制器,分类,x-test-bench-daq,Test Bench / Data Acquisition Software — 台架试验的多通道采集与回放,,yes,3/3,0.58
cn-all-remaining-1245-c87e5086,特征-目标相关性扇形热图,分类,data-science-and-machine-learning-platforms,Data Science and Machine Learning Platforms,,unsure,2/3,0.3
cn-all-remaining-1247-ac608d05,多层圆环图绘制,分类,x-research-dataset-repository,Research Dataset Repository — 公开数据集下载页与元数据,,unsure,2/3,0.3
cn-all-remaining-1248-a8692605,三维带状图绘制,分类,x-government-statistics-portal,Government Statistics / Open Data Portal — 官方统计与开放数据查询,,yes,3/3,0.4
cn-all-remaining-1249-ce04e010,IETF RFC 与 IANA HTTP 注册表引用谱系治理审计,分类,x-regulatory-registry,Regulatory Registry / Compliance Filing Database — 备案与合规申报检索库,,yes,3/3,0.32
cn-all-remaining-1253-671145bb,跨机构 IIIF 文化遗产清单互操作与迁移治理审计,分类,collections-management,Collections Management Software,,yes,2/3,0.43
cn-all-remaining-1258-6624551d,半潜船吃水与纵倾协同压载控制器,分类,x-test-bench-daq,Test Bench / Data Acquisition Software — 台架试验的多通道采集与回放,,yes,3/3,0.57
cn-all-remaining-1259-7713fc3c,FDIC 与 OCC 银行牌照监管边界及机构身份核验,分类,x-regulatory-registry,Regulatory Registry / Compliance Filing Database — 备案与合规申报检索库,,yes,3/3,0.63
cn-all-remaining-1260-accd9250,硅晶片激光加热,分类,simulation-cae,Simulation & CAE Software,,no,3/3,0.4
cn-all-remaining-1261-86ef2e29,水下作业吊放主动升沉补偿控制器,分类,x-test-bench-daq,Test Bench / Data Acquisition Software — 台架试验的多通道采集与回放,,yes,3/3,0.57
cn-all-remaining-1263-160345b6,多组标准化回归系数环形热图绘制,分类,x-research-dataset-repository,Research Dataset Repository — 公开数据集下载页与元数据,,yes,3/3,0.43
cn-all-remaining-1267-415f2c64,工业液压缸负载自适应位置控制器,分类,x-test-bench-daq,Test Bench / Data Acquisition Software — 台架试验的多通道采集与回放,,yes,3/3,0.57
cn-all-remaining-1268-a320b58e,变量相关热图与 Mantel 检验网络图,分类,x-research-dataset-repository,Research Dataset Repository — 公开数据集下载页与元数据,,yes,3/3,0.42
cn-all-remaining-1269-3e275392,工业圆柱尾流旋转抑振控制器,分类,x-test-bench-daq,Test Bench / Data Acquisition Software — 台架试验的多通道采集与回放,,yes,3/3,0.57
cn-all-remaining-1270-b6f5237b,变频泵长输管道末端压力控制器,分类,x-test-bench-daq,Test Bench / Data Acquisition Software — 台架试验的多通道采集与回放,,yes,3/3,0.57
cn-all-remaining-1271-bd70ed77,工业直流母线储能稳压控制器,分类,x-test-bench-daq,Test Bench / Data Acquisition Software — 台架试验的多通道采集与回放,,yes,2/2,0.57
cn-all-remaining-1272-b8bf9c6d,工业巡检机器鱼速度与航向协同控制器,分类,x-test-bench-daq,Test Bench / Data Acquisition Software — 台架试验的多通道采集与回放,,yes,2/2,0.55
cn-all-remaining-1273-3edac745,三维填充面积图绘制,分类,data-visualization-tools,Data Visualization Tools,,no,2/2,0.47
cn-all-remaining-1274-803308df,三维瀑布图绘制,分类,data-visualization-tools,Data Visualization Tools,,no,2/2,0.48
cn-all-remaining-1275-686e277b,环形柱状图绘制,分类,x-ml-experiment-tracking,ML Experiment Tracking / Model Registry — 逐 run 指标对比与模型版本,,yes,2/2,0.47
cn-all-remaining-1276-03751279,工业蒸汽换热器出口温度控制器,分类,x-test-bench-daq,Test Bench / Data Acquisition Software — 台架试验的多通道采集与回放,,yes,2/2,0.57
cn-all-remaining-1277-99e5435c,三维堆叠图绘制,分类,data-visualization-tools,Data Visualization Tools,,no,2/2,0.48
cn-all-remaining-1278-c90c6dfb,工业卷对卷收卷张力控制器,分类,x-test-bench-daq,Test Bench / Data Acquisition Software — 台架试验的多通道采集与回放,,yes,2/2,0.57
cn-all-remaining-1279-7e6fa4f7,SHAP 交互特征网络图绘制,分类,data-science-and-machine-learning-platforms,Data Science and Machine Learning Platforms,,no,2/2,0.45
cn-all-remaining-1280-cc53ddd2,工业桥式起重机小车定位与载荷防摇控制器,分类,x-test-bench-daq,Test Bench / Data Acquisition Software — 台架试验的多通道采集与回放,,yes,2/2,0.57
cn-all-remaining-1281-ccaf70df,工业冷轧机出口厚度与张力协同控制器,分类,x-test-bench-daq,Test Bench / Data Acquisition Software — 台架试验的多通道采集与回放,,yes,2/2,0.57
cn-all-remaining-1282-2e716750,Spearman 相关性矩阵气泡图,分类,statistical-analysis,Statistical Analysis Software,,unsure,2/2,0.43
cn-all-remaining-1283-b96cb1bf,工业中和槽非线性 pH 控制器,分类,x-test-bench-daq,Test Bench / Data Acquisition Software — 台架试验的多通道采集与回放,,yes,2/3,0.63
cn-all-remaining-1285-7b8649af,工业蒸汽锅炉汽包水位三元素控制器,分类,x-test-bench-daq,Test Bench / Data Acquisition Software — 台架试验的多通道采集与回放,,yes,2/3,0.65
cn-all-remaining-1287-6ddf81af,工业伺服压装接触过渡力控制器,分类,x-test-bench-daq,Test Bench / Data Acquisition Software — 台架试验的多通道采集与回放,,yes,3/3,0.63
cn-all-remaining-1288-f8d5abf9,工业带式输送机皮带跑偏纠偏控制器,分类,x-test-bench-daq,Test Bench / Data Acquisition Software — 台架试验的多通道采集与回放,,yes,3/3,0.62
cn-all-remaining-1289-259f60fe,多年份变量相关性热图与中心目标连接图,分类,gis,GIS Software,,yes,2/3,0.5
cn-all-remaining-1290-fb1f206b,和弦图,分类,statistical-analysis,Statistical Analysis Software,,unsure,1/3,0.4
cn-all-remaining-1291-6c263615,工业曝气池溶解氧节能控制器,分类,x-test-bench-daq,Test Bench / Data Acquisition Software — 台架试验的多通道采集与回放,,yes,2/3,0.65
cn-all-remaining-1292-3e9376c4,睡眠特征与脑区相关性环形热图,分类,x-genomics-data-repository,Genomics / Bioinformatics Data Repository — 组学数据集与样本注释,,yes,2/3,0.55
cn-all-remaining-1293-6c724b43,工业连续谷物干燥机出口水分控制器,分类,x-test-bench-daq,Test Bench / Data Acquisition Software — 台架试验的多通道采集与回放,,yes,2/3,0.65
cn-all-remaining-1294-55ac6de2,工业制冷蒸发器过热度控制器,分类,x-test-bench-daq,Test Bench / Data Acquisition Software — 台架试验的多通道采集与回放,,yes,2/3,0.65
cn-all-remaining-1295-13356b7a,工业燃气加热炉烟气氧量控制器,分类,x-test-bench-daq,Test Bench / Data Acquisition Software — 台架试验的多通道采集与回放,,yes,2/3,0.65
cn-all-remaining-1296-5bbf448c,多模型平滑雷达图绘制,分类,x-research-dataset-repository,Research Dataset Repository — 公开数据集下载页与元数据,,yes,2/3,0.62
cn-all-remaining-1297-ccb981d8,百分比饼图与环形堆叠图组合图,分类,x-government-statistics-portal,Government Statistics / Open Data Portal — 官方统计与开放数据查询,,yes,3/3,0.47
cn-all-remaining-1298-1d290edf,变量散点图矩阵与相关性热图组合图,分类,x-research-dataset-repository,Research Dataset Repository — 公开数据集下载页与元数据,,yes,2/3,0.5
cn-all-remaining-1299-ae3c648c,带有边缘分布密度的多组回归拟合图,分类,statistical-analysis,Statistical Analysis Software,,unsure,1/3,0.33
cn-all-remaining-0012-3f9dd525,基于 OpenSim 4.3 的最大速度短跑支撑期下肢动力学审计与技术限制因子判定,原文点名,,,opensim,yes,1/1,1.0
cn-all-remaining-0013-177a3250,基于 OpenSim 4.3 的短跑起跑器设置 A/B 对比、前两步推进效率与肌肉需求分析,原文点名,,,opensim,yes,1/1,1.0
cn-all-remaining-0014-ae2a0ad8,基于 OpenSim 4.3 输出的短跑干预研究可复现统计分析与论文结果包生成,原文点名,,,opensim,yes,1/1,1.0
cn-all-remaining-0015-c1b61c11,基于 OpenSim 4.3 的短跑动力学指标测试-重测可靠性、测量误差与科研结局变量筛选,原文点名,,,opensim,yes,1/1,1.0
cn-all-remaining-0022-a7309437,基于 ASE 与机器学习势函数统一接口的 B16W4 晶体结构全弛豫项目开发,原文点名,,,vasp,yes,1/1,1.0
cn-all-remaining-0023-c6ea8ded,基于 Phonopy 有限位移法与机器学习势函数的 B16W4 晶体声子谱计算项目开发,原文点名,,,vasp,yes,1/1,1.0
cn-all-remaining-0024-337ba4e9,基于准谐近似、Phonopy 与机器学习势函数的晶体热膨胀系数及体积温度曲线计算项目开发,原文点名,,,vasp,yes,1/1,1.0
cn-all-remaining-0026-729327ea,基于 Phono3py 与机器学习势函数的 B16W4 晶格热导率计算项目开发,原文点名,,,vasp,yes,1/1,1.0
cn-all-remaining-0030-349ac3ae,Monaco OSM 矢量瓦片管道,原文点名,,,openstreetmap,yes,1/1,1.0
cn-all-remaining-0031-b2b5d783,OpenSim 4.5.1 途中跑单步支撑外部力学有效性分析,原文点名,,,opensim,yes,1/1,1.0
cn-all-remaining-0032-4d3edeb8,途中跑前摆事件格状态转移、双向闭合与下一支撑准备度分析,原文点名,,,opensim,yes,1/1,1.0
cn-all-remaining-0034-ca542016,OpenSim 4.5 最大速度途中跑支撑末期推进、离地状态与早期回收边界分析,原文点名,,,opensim,yes,1/1,1.0
cn-all-remaining-0041-c6549c75,短跑途中跑下压阶段多证据链双向验证分析,原文点名,,,opensim,yes,1/1,1.0
cn-all-remaining-0046-451fb7f6,HDFS 系统日志异常检测管道,原文点名,,,loghub,yes,1/1,1.0
cn-all-remaining-0055-5f8881ce,面向物理学家的晶体结构三维可视化与配位环境分析 GUI 工具开发,原文点名,,,vasp,yes,1/1,1.0
cn-all-remaining-0063-4a16f58b,机房运维多变量时序异常检测管道,原文点名,,,server machine dataset,yes,1/1,1.0
cn-all-remaining-0064-f465db7b,OTTO 电商会话 next-click 推荐,原文点名,,,github.com,yes,1/1,1.0
cn-all-remaining-0071-37996442,电商会话级 Top-K 召回管道,原文点名,,,github.com,yes,1/1,1.0
cn-all-remaining-0072-1e08f36f,德国电力负荷月度预测管道,原文点名,,,open power system data,yes,1/1,1.0
cn-all-remaining-0073-452b7fbc,银行定期存款订阅预测管道,原文点名,,,uci.edu,yes,1/1,1.0
cn-all-remaining-0074-d8d19fe8,FD001 涡扇发动机剩余寿命(RUL)预测管道,原文点名,,,nasa c-mapss,yes,1/1,1.0
cn-all-remaining-0076-9295b271,20 Newsgroups 多类文本分类管道,原文点名,,,20 newsgroups,yes,1/1,1.0
cn-all-remaining-0079-687957c7,网络入侵检测处理管道,原文点名,,,unsw-nb15,yes,1/1,1.0
cn-all-remaining-0094-f32031a4,OpenSim 4.5 短跑起跑加速期单步态周期下肢生物力学分解与技术诊断分析,原文点名,,,opensim,yes,1/1,1.0
cn-all-remaining-0095-8f5537c0,短跑途中跑（最大速度期）单步态周期下肢生物力学分解与刚度-力施加技术分析,原文点名,,,opensim,yes,1/1,1.0
cn-all-remaining-0096-b45060b6,短跑途中跑多层处理稳健性、根部残差相位归因与可报告性证据裁决,原文点名,,,opensim,yes,1/1,1.0
cn-all-remaining-0097-f836cdfa,短跑途中跑单记录片段多证据时空组织、状态闭合与分辨率审计,原文点名,,,opensim,yes,1/1,1.0
cn-all-remaining-0098-da2ff8ac,短跑加速单试次派生 GRF—骨盆运动学连续时间双向状态重建、处理路径归因与可辨识性审计,原文点名,,,opensim,yes,1/1,1.0
cn-all-remaining-0099-d5e10074,短跑起跑加速期多步态身体构型、关节协调拓扑与跨试次稳健性分析,原文点名,,,opensim,yes,1/1,1.0
cn-all-remaining-0110-9c074cb8,M3GNet 周期晶体图与三体索引构建模块复现,原文点名,,,vasp,yes,1/1,1.0
cn-all-remaining-0112-94e72782,M3GNet 风格晶体势函数能量、力、应力接口与结构弛豫流程复现,原文点名,,,vasp,yes,1/1,1.0
cn-all-remaining-0117-1fe73b6d,垂直井光纤地震事件定位,原文点名,,,ttcrpy,yes,1/1,1.0
cn-all-remaining-0119-59547d3b,Utah FORGE 井轨迹与压裂微震几何下载、清洗及三维可视化,原文点名,,,utah forge,yes,1/1,1.0
cn-all-remaining-0120-b0a2424b,二维双差定位算法的三维工程化迁移,原文点名,,,ttcrpy,yes,1/1,1.0
cn-all-remaining-0122-af317fbc,Utah FORGE公开数据下载、三维速度模型重建与可视化,原文点名,,,utah forge,yes,1/1,1.0
cn-all-remaining-0127-6da3cfcb,短跑加速窗口摆臂多估计器相位耦合、附肢角动量代理、组合分组泛化与证据依赖审计,原文点名,,,pose2sim,yes,1/1,1.0
cn-all-remaining-0131-17b02b87,短跑起跑加速期触地落点—躯干前倾的模型—物理—鲁棒性三层闭合分析,原文点名,,,opensim,yes,1/1,1.0
cn-all-remaining-0132-a04b6dbd,人体活动识别管道,原文点名,,,uci.edu,yes,1/1,1.0
cn-all-remaining-0133-f7460d93,手写符号聚类管道,原文点名,,,uci.edu,yes,1/1,1.0
cn-all-remaining-0134-cd25fa80,电力系统稳定性预测管道,原文点名,,,uci.edu,yes,1/1,1.0
cn-all-remaining-0135-8319cf05,2020 Magna真实地震序列完整性、b值、Omori衰减与空间结构联合分析,原文点名,,,usgs fdsn event web service,yes,1/1,1.0
cn-all-remaining-0137-9ebb5d85,短跑起跑加速期连续步触地构型与时空递进双向闭合验证分析,原文点名,,,pose2sim,yes,1/1,1.0
cn-all-remaining-0138-69bd676c,森林覆盖类型预测管道,原文点名,,,uci.edu,yes,1/1,1.0
cn-all-remaining-0139-9b7aa92c,银行营销订阅预测管道,原文点名,,,uci.edu,yes,1/1,1.0
cn-all-remaining-0142-0a9b052b,德国逐小时电力负荷预测管道,原文点名,,,open power system data,yes,1/1,1.0
cn-all-remaining-0143-17a50046,Fashion-MNIST 服装图像分类管道,原文点名,,,fashion-mnist,yes,1/1,1.0
cn-all-remaining-0146-83026528,超导临界温度回归预测管道,原文点名,,,uci.edu,yes,1/1,1.0
cn-all-remaining-0149-4942e976,人类活动识别(HAR)分类管道,原文点名,,,uci.edu,yes,1/1,1.0
cn-all-remaining-0152-263ab951,北京 PM2.5 浓度回归预测管道,原文点名,,,uci.edu,yes,1/1,1.0
cn-all-remaining-0161-5575a6fd,Fashion-MNIST 衣物图像十分类,原文点名,,,fashion-mnist,yes,1/1,1.0
cn-all-remaining-0164-ac08314c,加州房价回归预测,原文点名,,,github.com,yes,1/1,1.0
cn-all-remaining-0167-883d33da,MNIST 数字无监督聚类,原文点名,,,openml,yes,1/1,1.0
cn-all-remaining-0171-e39ad0aa,NASA C-MAPSS 涡扇发动机 RUL 预测,原文点名,,,nasa c-mapss,yes,1/1,1.0
cn-all-remaining-0174-9d91f75b,滚动轴承振动故障诊断,原文点名,,,case western reserve university bearing data center,yes,1/1,1.0
cn-all-remaining-0175-d4ad3f28,钢带表面缺陷分类管道,原文点名,,,uci.edu,yes,1/1,1.0
cn-all-remaining-0183-f366890f,Sentinel-2 影像子区地表覆盖分类,原文点名,,,sentinel-2,yes,1/1,1.0
cn-all-remaining-0191-ca010215,二维井间地震首波走时层析成像与异常体恢复,原文点名,,,ttcrpy,yes,1/1,1.0
cn-all-remaining-0209-c0b07690,柏林气象温度递归多步预测,原文点名,,,open-meteo,yes,1/1,1.0
cn-all-remaining-0210-a492a1f7,工业泵阀多变量时序异常检测管道,原文点名,,,skab,yes,1/1,1.0
cn-all-remaining-0211-8626b54a,家电能耗概率区间预测,原文点名,,,uci.edu,yes,1/1,1.0
cn-all-remaining-0212-294e3740,法国逐小时电力负荷预测管道,原文点名,,,open power system data,yes,1/1,1.0
cn-all-remaining-0213-58019df6,工业控制系统多变量时序异常检测 + 受影响过程根因定位,原文点名,,,github.com,yes,1/1,1.0
cn-all-remaining-0224-36cf0ef9,Panda 7-DOF 冗余机械臂多约束逆运动学求解(含肘部朝上约束),原文点名,,,franka_description,yes,1/1,1.0
cn-all-remaining-0226-3fc6271b,基于CPIC指南的药物基因组学个体化用药决策支持系统构建与验证,原文点名,,,cpic,yes,1/1,1.0
cn-all-remaining-0231-5620634f,B16W4 晶体有限温度体积响应与热膨胀计算工作流开发,原文点名,,,vasp,yes,1/1,1.0
cn-all-remaining-0249-07d18b19,基于连接组数据生成 Neuroglancer 复杂可视化状态文件,原文点名,,,flywire,yes,1/1,1.0
cn-all-remaining-0250-dd5e6757,药物相互作用(DDI)图链接预测管道,原文点名,,,drugbank,yes,1/1,1.0
cn-all-remaining-0251-9c900545,克罗地亚逐小时电力负荷预测管道,原文点名,,,open power system data,yes,1/1,1.0
cn-all-remaining-0253-e224ded0,密西西比河日流量递归多步预测,原文点名,,,usgs.gov,yes,1/1,1.0
cn-all-remaining-0261-e71a7c3d,Higress OpenAI 转 Claude 时丢失缓存 Token 用量,原文点名,,,higress,yes,1/1,1.0
cn-all-remaining-0262-796b7763,fix(diff): review merge commits against their first parent,原文点名,,,alibaba open code review,yes,1/1,1.0
cn-all-remaining-0263-3cce95f4,并发代码审查中的 WaitGroup 竞态与任务错误,原文点名,,,alibaba open code review,yes,1/1,1.0
cn-all-remaining-0264-cb4d04f6,Higress MCP 配置更新导致 SSE 长连接中断,原文点名,,,higress,yes,1/1,1.0
cn-all-remaining-0267-2abe3ec4,APISIX PATCH 导致插件密钥重复加密,原文点名,,,apache apisix,yes,1/1,1.0
cn-all-remaining-0268-0b9ebbad,APISIX Anthropic 协议转换中的工具参数与流式结束异常,原文点名,,,apache apisix,yes,1/1,1.0
cn-all-remaining-0273-cd6dd51a,塞浦路斯逐小时电力负荷预测管道,原文点名,,,open power system data,yes,1/1,1.0
cn-all-remaining-0274-baf882d4,意大利逐小时电力负荷预测管道,原文点名,,,open power system data,yes,1/1,1.0
cn-all-remaining-0275-5e80942a,Metro 州际公路交通量递归多步预测管道,原文点名,,,uci.edu,yes,1/1,1.0
cn-all-remaining-0277-aba735f6,工业泵阀信号故障类型分类管道,原文点名,,,skab,yes,1/1,1.0
cn-all-remaining-0278-95674282,北京 PM2.5 递归多步预测,原文点名,,,open-meteo air quality api,yes,1/1,1.0
cn-all-remaining-0282-dc05cea5,社交图链路预测,原文点名,,,snap.stanford.edu,yes,1/1,1.0
cn-all-remaining-0283-23156729,多文件并发审查时异步记忆压缩状态串线,原文点名,,,Alibaba Open Code Review,yes,1/1,1.0
cn-all-remaining-0285-6c1acb68,Higress 流式 AI 统计被空模型值污染,原文点名,,,Higress,yes,1/1,1.0
cn-all-remaining-0286-e2cd489c,Git Diff 二进制标记误判与增删行统计错误,原文点名,,,Alibaba Open Code Review,yes,1/1,1.0
cn-all-remaining-0297-075420d6,immune inflitration,原文点名,,,TCGA,yes,1/1,1.0
cn-all-remaining-0298-23ad7da2,复现并审计 NHTSA 2024 FARS 超速致死事故监管数据产品,原文点名,,,NHTSA,yes,1/1,1.0
cn-all-remaining-0299-fe86cac8,复算并审计 EPA 2022–2024 全国臭氧设计值数据产品,原文点名,,,EPA AQS,yes,1/1,1.0
cn-all-remaining-0301-1a02a327,IEEE 118 母线 N-1 安全筛查与补救调度,原文点名,,,PGLib-OPF,yes,1/1,1.0
cn-all-remaining-0306-324b959e,FORGE 16A(78)-32 压裂微震监测三维数据集成与高质量图件绘制,原文点名,,,utah forge,yes,1/1,1.0
cn-all-remaining-0308-1be316f2,Utah FORGE 78B-32井轨迹校正的FMI裂缝组系、P10强度与裂缝走廊联合解释,原文点名,,,utah forge,yes,1/1,1.0
cn-all-remaining-0309-1e15e796,起跑早期连续六步支撑身体投射、姿态抬升与触地组织状态转移分析,原文点名,,,opensim,yes,1/1,1.0
cn-all-remaining-0310-0e213c96,加速跑支撑-腾空-下一触地连续链离地投射、摆动回收与再触地准备分析,原文点名,,,opensim,yes,1/1,1.0
cn-all-remaining-0311-a71a28cc,最大速度阶段途中跑完整摆动腿回收、前摆展开与触地前足速匹配分析,原文点名,,,opensim,yes,1/1,1.0
cn-all-remaining-0312-ad59def1,最大速度阶段途中跑触地前 120 ms 至支撑前 25% 足部回扒、胫骨定向与早期碰撞代理边界分析,原文点名,,,opensim,yes,1/1,1.0
cn-all-remaining-0313-3b7b6938,最大速度阶段途中跑全身三维反向摆动协调、角动量代理分解与跨周期稳定性分析,原文点名,,,opensim,yes,1/1,1.0
cn-all-remaining-0345-a6224347,零售客户复购预测管道,原文点名,,,uci machine learning repository,yes,1/1,1.0
cn-all-remaining-0346-54ee7ce2,开普敦太阳辐射递归多步预测,原文点名,,,open-meteo,yes,1/1,1.0
cn-all-remaining-0348-e08b7fe5,东京地面气压递归多步预测,原文点名,,,open-meteo,yes,1/1,1.0
cn-all-remaining-0349-c13fb8d4,上海相对湿度递归多步预测,原文点名,,,open-meteo,yes,1/1,1.0
cn-all-remaining-0352-61295765,希腊逐小时电力负荷预测管道,原文点名,,,open power system data,yes,1/1,1.0
cn-all-remaining-0361-cf4b6cfb,海洋重力异常延拓与断裂识别,原文点名,,,noaa,yes,1/1,1.0
cn-all-remaining-0372-39b7fe89,起跑预备姿势多定义状态集合、出口条件化评优与部分可识别性分析,原文点名,,,opensim,yes,1/1,1.0
cn-all-remaining-0373-d92411f3,起跑启动至双脚离地双时间事件竞争、出口状态评优与预测归因分析,原文点名,,,opensim,yes,1/1,1.0
cn-all-remaining-0374-fe737fbf,起跑加速第一腾空与第一触地准备多层构型及双向边界闭合分析,原文点名,,,opensim,yes,1/1,1.0
cn-all-remaining-0375-cecf3fe5,起跑加速第一支撑几何转换点竞争、四路径状态重建、步速守恒归因与上游根因去重分析,原文点名,,,opensim,yes,1/1,1.0
cn-all-remaining-0376-2bcc381d,连续加速步状态转移、趋势模型竞争、突变/交替稳定性分析,原文点名,,,opensim,yes,1/1,1.0
cn-all-remaining-0396-47ba439c,PAC 加药撬双泵 PLC 联锁、轮换与 FAT 交付,原文点名,,,codesys,yes,1/1,1.0
cn-all-remaining-0408-a8f2c013,多渠道订单ETL清洗、资金对账与经营日报复核,原文点名,,,微信小程序,yes,1/1,1.0
cn-all-remaining-0424-4587bf87,四机并联工业冷却水泵站变频改造的水力标定、电气容量、控制仿真、可靠性与全寿命周期优化,原文点名,,,scada,yes,1/1,1.0
cn-all-remaining-0455-f664e844,评估 NH3/Si 几何优化和 SCF 收敛,原文点名,,,cp2k,yes,1/1,1.0
cn-all-remaining-0456-20aab82a,量化 NH3 在 Si 表面的吸附几何演化,原文点名,,,cp2k,yes,1/1,1.0
cn-all-remaining-0458-9f20b0d5,审计 Cu/a-SiO2 双温模型输入和依赖,原文点名,,,lammps,yes,1/1,1.0
cn-all-remaining-0460-5d875d31,审计 Cu/a-SiO2 双温计算的运行稳定性,原文点名,,,lammps,yes,1/1,1.0
cn-all-remaining-0463-a8720d2c,审计粗糙界面谱热流工程的可复现性,原文点名,,,lammps,yes,1/1,1.0
cn-all-remaining-0464-f11fcc5a,核对 MaMiCo 配置与实际输出覆盖范围,原文点名,,,mamico,yes,1/1,1.0
cn-all-remaining-0465-6561609b,评估 MD 与 LBM 温度的耦合收敛,原文点名,,,mamico,yes,1/1,1.0
cn-all-remaining-0466-f1cc6fdb,审计 MD–LBM 耦合热流的单位换算,原文点名,,,mamico,yes,1/1,1.0
cn-all-remaining-0467-53eeb5e8,标准化 GaN/金刚石 NEMD 温度历史,原文点名,,,lammps,yes,1/1,1.0
cn-all-remaining-0475-6cd46667,Metro 州际公路交通流量预测,原文点名,,,uci.edu,yes,1/1,1.0
cn-all-remaining-0476-fb434d54,工业 SKAB 预测-残差时间戳级异常检测管道,原文点名,,,skab,yes,1/1,1.0
cn-all-remaining-0477-0fe64a0f,北京参考作物蒸散量(ET0)预测,原文点名,,,open-meteo,yes,1/1,1.0
cn-all-remaining-0478-c21c6715,钢板表面缺陷7分类,原文点名,,,openml,yes,1/1,1.0
cn-all-remaining-0481-7ab34177,NOAA 风暴事件月度灾损统计,原文点名,,,noaa,yes,1/1,1.0
cn-all-remaining-0482-4ad1c775,风暴致死月度统计,原文点名,,,noaa,yes,1/1,1.0
cn-all-remaining-0483-e7f016ec,风暴事件类型归类统计,原文点名,,,noaa,yes,1/1,1.0
cn-all-remaining-0484-47ac327f,风暴系统(episode)月度统计,原文点名,,,noaa,yes,1/1,1.0
cn-all-remaining-0496-fc8160a4,短跑连续步条件稳健残差、多模型嵌套验证与异常可识别性审计,原文点名,,,opensim,yes,1/1,1.0
cn-all-remaining-0497-f44c1602,短跑多指标稳健协方差、马氏距离贡献守恒与联合状态域外审计,原文点名,,,opensim,yes,1/1,1.0
cn-all-remaining-0498-e22b368f,短跑多关节整周期 MFPCA、训练折内函数标准化与模态稳定性分析,原文点名,,,opensim,yes,1/1,1.0
cn-all-remaining-0499-f0b227f8,短跑三周期 Fourier 基函数压缩、阶数选择与跨频率/相位不变量分析,原文点名,,,opensim,yes,1/1,1.0
cn-all-remaining-0500-5a63c6f7,短跑周期曲线相位差异、试次内连续速度效应与功能混合模型可识别性分析,原文点名,,,opensim,yes,1/1,1.0
cn-all-remaining-0515-6253a2c7,构建 EPA GHGRP California 2023 设施排放跨源审计产品,原文点名,,,epa ghgrp,yes,1/1,1.0
cn-all-remaining-0629-ce075e67,构建 MTA 地铁 GTFS 服务日、班次模式与几何一致性审计数据产品,原文点名,,,gtfs,yes,1/1,1.0
cn-all-remaining-0630-3d193fa5,构建 FDA Orange Book 专利、独占期与治疗等效跨库监管审计数据产品,原文点名,,,fda orange book,yes,1/1,1.0
cn-all-remaining-0631-ea4b7723,Hurricane Helene 跨 NHC、NOAA 与 FEMA 公共援助审计,原文点名,,,noaa,yes,1/1,1.0
cn-all-remaining-0632-5b302678,构建 FAA Part 77 机场障碍物净空筛查与控制障碍物对账数据产品,原文点名,,,ecfr,yes,1/1,1.0
cn-all-remaining-0633-f8c6a3ac,构建 FAA 2608 仪表进近跑道就绪度与程序一致性审计产品,原文点名,,,faa nasr,yes,1/1,1.0
cn-all-remaining-0635-08f8465d,构建 FDA Orange Book 药品监管组合仓库与 Drugs@FDA 跨系统审计,原文点名,,,fda orange book,yes,1/1,1.0
cn-all-remaining-0636-316cb833,OMB 2024 Uniform Guidance 生效日法规变更控制审计,原文点名,,,ecfr,yes,1/1,1.0
cn-all-remaining-0640-8ed4408f,Build an NHC 2024 Atlantic official forecast and wind-radii verification audit,原文点名,,,atcf,yes,1/1,1.0
cn-all-remaining-0641-e0995661,构建 NOAA–USCG 旧金山湾助航标志海图发布就绪度对账审计,原文点名,,,noaa,yes,1/1,1.0
cn-all-remaining-0643-75f76d95,构建纽约州活动桥法规运营日历与联邦—州资产对账数据产品,原文点名,,,national bridge inventory,yes,1/1,1.0
cn-all-remaining-0645-206c5b2d,重建 NOAA 纽约港 ENC 更新链并与 USCG 航标名录执行导航安全审计,原文点名,,,noaa,yes,1/1,1.0
cn-all-remaining-0648-a8828ee9,构建美国财政部 2025Q1 国债拍卖生命周期、定价与配售审计数据产品,原文点名,,,treasurydirect,yes,1/1,1.0
cn-all-remaining-0650-3d91eb5e,构建 BSEE 2024 海上设施事故、调查与检查执法连续性审计,原文点名,,,ecfr,yes,1/1,1.0
cn-all-remaining-0652-b9c7d500,构建 NOAA Hurricane Ian 潮位站风暴增水、垂直基准与洪水阈值审计产品,原文点名,,,noaa,yes,1/1,1.0
cn-all-remaining-0674-84436791,美国平面设计师职业市场与AI转型研究,原文点名,,,o*net,yes,1/1,1.0
cn-all-remaining-0692-1233fccb,美国航空航天工程师人才市场、薪酬与能力结构研究（2024-2034）,原文点名,,,bls occupational outlook handbook,yes,1/1,1.0
cn-all-remaining-0693-64f8726a,美国石油工程师就业、薪酬与技能结构行业研究,原文点名,,,o*net,yes,1/1,1.0
cn-all-remaining-0699-212ce97c,订单履约平台服务化架构评审底盘修订与渐进式迁移设计,原文点名,,,plantuml,yes,1/1,1.0
cn-all-remaining-0721-5993d63c,    多时相Sentinel-2冬小麦长势异常地块识别与风险核查    ,原文点名,,,sentinel-2,yes,1/1,1.0
cn-all-remaining-0723-215c4ee4,美国平面设计师用工市场、薪酬与技能结构研究,原文点名,,,bls occupational employment and wage statistics,yes,1/1,1.0
cn-all-remaining-0724-5140b215,美国机械工程师用工市场、薪酬与产业分布研究,原文点名,,,bls occupational employment and wage statistics,yes,1/1,1.0
cn-all-remaining-0729-3456fff7,美国微生物学家人才市场与岗位能力基准研究,原文点名,,,o*net,yes,1/1,1.0
cn-all-remaining-0744-480b57b9,证券投资专业人员行业结构、人才配置与能力发展研究,原文点名,,,中国证券业协会,yes,1/1,1.0
cn-all-remaining-0752-efc39390,16S动力电池CMU采样从板RevA问题定位与RevB硬件ECO整改验证,原文点名,,,kicad,yes,1/1,1.0
cn-all-remaining-0754-26345d25,真空熟制鸡胸肉冷藏腐败货架期建模与温度波动评估,原文点名,,,lims,yes,1/1,1.0
cn-all-remaining-0781-0439c6a6,Godot 游戏项目资源依赖审计与安全批量修复工具,原文点名,,,godot,yes,1/1,1.0
cn-all-remaining-0784-a74f0a42,10 kV工业园区馈线分时潮流与分布式光伏接入承载力评估,原文点名,,,scada,yes,1/1,1.0
cn-all-remaining-0840-777d7230,整数链复形同调群计算与 Smith 标准形审计,原文点名,,,matrix market,yes,1/1,1.0
cn-all-remaining-0845-a6a750c1,凤凰城高温阈值方法缺陷定位、历史复算与发布门槛核验,原文点名,,,noaa,yes,1/1,1.0
cn-all-remaining-0850-f0bd0a8c,美国口服直接抗凝药成人说明书关键用药条件结构化复核,原文点名,,,dailymed,yes,1/1,1.0
cn-all-remaining-0853-2e697bcb,美国平面设计师薪酬市场与技能需求研究（加州—得州）,原文点名,,,o*net,yes,1/1,1.0
cn-all-remaining-0860-94376395,NASA C-MAPSS FD001涡扇发动机RUL基线复核与算法准入,原文点名,,,nasa c-mapss,yes,1/1,1.0
cn-all-remaining-0863-d6bf7ae0,CISO 2021Q3 净负荷爬坡与负荷预测偏差复核,原文点名,,,eia-930,yes,1/1,1.0
cn-all-remaining-0867-2acdfc1e,商业车险责任险2007年准备金行业基准复核,原文点名,,,naic schedule p,yes,1/1,1.0
cn-all-remaining-0886-0f1b7dc8,    跨平台游戏资产预检与构建门禁工具开发    ,原文点名,,,unity,yes,1/1,1.0
cn-all-remaining-0898-45d332c5,匿名钻孔多元素化探迁移复核与复验优先级,原文点名,,,zenodo,yes,1/1,1.0
cn-all-remaining-0899-48762d98,旧金山湾区长期极端降水指标、趋势与三日暴雨事件评估,原文点名,,,noaa ghcn-daily,yes,1/1,1.0
cn-all-remaining-0903-fe643cd1,某装备制造园区 110 kV 电网夏大方式潮流校核与 N-1 无功优化,原文点名,,,scada,yes,1/1,1.0
cn-all-remaining-0969-6df0820b,电力账单核验对账与发布封板审计,原文点名,,,电网计费系统,yes,1/1,1.0
cn-all-remaining-0992-b521b79a,基于缩放肌骨模型与 IK 运动学的最大速度途中跑无量纲步态组织及速度闭合分析,原文点名,,,opensim,yes,1/1,1.0
cn-all-remaining-0993-789beed7,基于 IK 运动学与派生接触锚点的最大速度途中跑相邻步速度变化及步长—步频贡献分解,原文点名,,,opensim,yes,1/1,1.0
cn-all-remaining-0994-79906829,基于缩放肌骨模型几何的短跑腿长尺度归一及跨试次运动学离散检验,原文点名,,,opensim,yes,1/1,1.0
cn-all-remaining-0995-02bb9017,基于 IK—TRC 同步运动学的最大速度途中跑触地前摆动腿回收几何与模型尺度关联分析,原文点名,,,opensim,yes,1/1,1.0
cn-all-remaining-0997-7c74ee4d,基于无量纲运动学构念的途中跑记录内速度条件化接触—摆动技术组合分析,原文点名,,,opensim,yes,1/1,1.0
cn-all-remaining-0998-93dd6a17,基于预注册无量纲运动学特征的短跑步态策略确定性聚类与稳定性拒绝检验,原文点名,,,opensim,yes,1/1,1.0
cn-all-remaining-0999-c1768da5,基于无量纲步长—步频—竖直振荡点云的途中跑局部可行边界与退化几何分析,原文点名,,,opensim,yes,1/1,1.0
cn-all-remaining-1003-9c1027c0,基于触地前足端任务空间匹配的途中跑髋膝踝关节构型多解与卡尺敏感性分析,原文点名,,,opensim,yes,1/1,1.0
cn-all-remaining-1004-d73aa457,基于严格时序隔离与留一试次验证的途中跑早期摆动状态及触地准备预测分析,原文点名,,,opensim,yes,1/1,1.0
cn-all-remaining-1005-e06b5f6c,基于高采样 K 层内部参考与零相位抗混叠的短跑时空指标可辨识边界分析,原文点名,,,opensim,yes,1/1,1.0
cn-all-remaining-1006-ace7a744,基于 OpenSim 4.5 的短跑途中跑单步态周期下肢三节段仰角协变与分相协调重组分析,原文点名,,,OpenSim,yes,1/1,1.0
cn-all-remaining-1007-cbbd3d00,基于 OpenSim 4.5 的短跑途中跑单步态周期有效腿长—扫掠角状态环、滞回结构与周期间重复性分析,原文点名,,,OpenSim,yes,1/1,1.0
cn-all-remaining-1008-661e29af,基于 OpenSim 4.5 的短跑途中跑摆动期足尖净空轨迹、足部回收高度与末段接近边界分析,原文点名,,,OpenSim,yes,1/1,1.0
cn-all-remaining-1009-f8c1bb06,基于 OpenSim 4.5 的短跑途中跑触地准备期足段姿态、足端接近向量与转换时序分析,原文点名,,,OpenSim,yes,1/1,1.0
cn-all-remaining-1010-9e7d19d9,基于 OpenSim 4.5 的短跑途中跑触地准备期足端回拉—下降速度耦合、峰值时序与周期稳定性分析,原文点名,,,OpenSim,yes,1/1,1.0
cn-all-remaining-1011-9cd58d92,基于 OpenSim 4.5 的短跑途中跑摆动期足端轨迹曲率、回转结构与路径直接性分析,原文点名,,,OpenSim,yes,1/1,1.0
cn-all-remaining-1012-dc4ca80e,基于 OpenSim 4.5 的短跑途中跑髋—膝—踝解析运动链对足端速度的 Jacobian 贡献分解与闭合残差诊断,原文点名,,,OpenSim,yes,1/1,1.0
cn-all-remaining-1013-1c894eb2,基于 OpenSim 4.5 的短跑途中跑触地准备期多足部参考点定义敏感性、事件一致性与结论稳健性分析,原文点名,,,OpenSim,yes,1/1,1.0
cn-all-remaining-1014-8fb09ede,基于 OpenSim 4.5 的短跑途中跑触地前后胫骨倾角—足段姿态—足端位置联合状态迁移与越零时序分析,原文点名,,,OpenSim,yes,1/1,1.0
cn-all-remaining-1015-c335be65,基于 OpenSim 4.5 的短跑途中跑双腿剪刀式交换的膝—踝—足多层级越零时序与任务空间几何分析,原文点名,,,OpenSim,yes,1/1,1.0
cn-all-remaining-1016-2f43b66f,基于OpenSim 4.5的短跑连续步躯干—骨盆—腰骶三层姿态协调、相位耦合与表示一致性分析,原文点名,,,OpenSim,yes,1/1,1.0
cn-all-remaining-1017-178c3b2b,基于OpenSim 4.5的短跑连续步头—颈—躯干双定义姿态波动、限位占用与敏感性分析,原文点名,,,OpenSim,yes,1/1,1.0
cn-all-remaining-1018-56796b62,基于OpenSim 4.5的短跑连续步髋—膝—踝方向性角速度峰序、时距与重复性分析,原文点名,,,opensim,yes,1/1,1.0
cn-all-remaining-1019-46dfd4ff,基于OpenSim 4.5的短跑连续步大腿—小腿相位路径、方向状态转换与拓扑重复性分析,原文点名,,,opensim,yes,1/1,1.0
cn-all-remaining-1020-22cf57f2,基于OpenSim 4.5的短跑连续步骨盆前进—竖直振荡耦合、轨迹闭环与表示一致性分析,原文点名,,,opensim,yes,1/1,1.0
cn-all-remaining-1021-1a5aac7b,基于OpenSim 4.5的短跑连续步上下肢对侧反向旋转、时滞结构与同侧对照分析,原文点名,,,opensim,yes,1/1,1.0
cn-all-remaining-1022-838b3c36,基于OpenSim 4.5的短跑连续步左右肢幅度—时序配对、非交替拒绝与不对称象限分析,原文点名,,,opensim,yes,1/1,1.0
cn-all-remaining-1023-40863b44,基于OpenSim 4.5的短跑连续周期分段配准、多通道波形距离与代表周期分析,原文点名,,,opensim,yes,1/1,1.0
cn-all-remaining-1024-e0d5ca83,基于OpenSim 4.5的短跑连续周期侧别中心化序列稳健趋势、早晚差、质量混杂与单变点边界分析,原文点名,,,opensim,yes,1/1,1.0
cn-all-remaining-1025-40f44bd5,基于OpenSim 4.5的短跑连续步下一同侧代理接触起始构型的分组嵌套 Ridge 预测、双基线比较与特征消融分析,原文点名,,,opensim,yes,1/1,1.0
cn-all-remaining-1036-190a37ec,生物力学多模态数据包的源文件溯源、分层 SHA-256 证据链与完整性审计,原文点名,,,opensim,yes,1/1,1.0
cn-all-remaining-1037-e0ff9cc4,人体生物力学模型的字节—拓扑—参数三级重复性判别与试次绑定分析,原文点名,,,opensim,yes,1/1,1.0
cn-all-remaining-1038-e267339a,人体运动学数据的单位、坐标语义、代理力轴与双侧一致性诊断,原文点名,,,opensim,yes,1/1,1.0
cn-all-remaining-1039-fc34876b,生物力学 K/E/D 分层证据体系下二十类科学主张的可支持性与禁止推断边界分析,原文点名,,,opensim,yes,1/1,1.0
cn-all-remaining-1040-7b076b3a,多模态人体运动数据面向八类生物力学构念的逐任务分析资格与降级门控,原文点名,,,opensim,yes,1/1,1.0
cn-all-remaining-1043-18f78780,生物力学模型派生动力学产物的上下文完整性、有效步数与十二类分析请求拒绝边界,原文点名,,,opensim,yes,1/1,1.0
cn-all-remaining-1044-4d51104f,缺失模态生物力学数据面向十二类分析请求的可挽救性分级与禁止跨记录补全审计,原文点名,,,opensim,yes,1/1,1.0
cn-all-remaining-1045-5899466e,生物力学候选记录在预算约束下的多门资格筛选、多样性选择与十组权重敏感性分析,原文点名,,,opensim,yes,1/1,1.0
cn-all-remaining-1046-5ee2b39a,三类生物力学数据包的归档安全、自包含依赖、完整性与科学证据边界审计,原文点名,,,opensim,yes,1/1,1.0
cn-all-remaining-1047-574583e9,非有限数值的最早故障节点与可证传播血缘,原文点名,,,opensim,yes,1/1,1.0
cn-all-remaining-1056-6d97d9bf,IK 通道退化、OSIM 边界占用、平台时长与假稳定可辨识性,原文点名,,,OpenSim,yes,1/1,1.0
cn-all-remaining-1057-cde087f5,OpenSim XML 40600 CustomJoint旋转节点序列、坐标引用闭合与IK覆盖审计,原文点名,,,OpenSim,yes,1/1,1.0
cn-all-remaining-1058-16405e1c,OpenSim XML 40600 单坐标多轴函数树依赖闭合、节点域占用与规范序列化审计,原文点名,,,OpenSim,yes,1/1,1.0
cn-all-remaining-1059-9a9ee5b0,OpenSim XML 40600 Coordinate边界–SimmSpline共同定义域错位、连续越域段与输入准入审计,原文点名,,,OpenSim,yes,1/1,1.0
cn-all-remaining-1060-60336010,OpenSim XML 40600 左右 ankle TransformAxis、Frame与函数符号不变的镜像合同审计,原文点名,,,OpenSim,yes,1/1,1.0
cn-all-remaining-1061-bad0cf48,OpenSim XML 40600 WeldJoint零质量Body、完整Socket图与Coordinate唯一归属审计,原文点名,,,OpenSim,yes,1/1,1.0
cn-all-remaining-1062-34dcccce,OpenSim XML 40600 ContactGeometrySet–ForceSet–ComponentSet三集合能力字段与代理数据准入审计,原文点名,,,OpenSim,yes,1/1,1.0
cn-all-remaining-1063-766bf7d3,OpenSim XML 40600 Body–Mesh scale_factors多层链、极端值和异常传播范围审计,原文点名,,,OpenSim,yes,1/1,1.0
cn-all-remaining-1064-d1df0d07,OpenSim XML 40600 Body mass_center–Joint Frame同局部坐标绑定、轴向投影与正确拒绝审计,原文点名,,,OpenSim,yes,1/1,1.0
cn-all-remaining-1065-41ea6ae2,OpenSim XML 40600 Body惯量张量对称构造、PSD–三角必要条件与缩放可比性审计,原文点名,,,opensim,yes,1/1,1.0
cn-all-remaining-1066-9e7aed93,OpenSim XML 40600 Marker–Joint OffsetFrame完整路径绑定、局部偏置与左右镜像残差审计,原文点名,,,opensim,yes,1/1,1.0
cn-all-remaining-1067-2463cafc,OpenSim 4.5 OSIM 异构 Joint 类型分派、显隐字段规范化与故障保留审计,原文点名,,,opensim,yes,1/1,1.0
cn-all-remaining-1068-72ca191f,OpenSim 4.5 OSIM PhysicalOffsetFrame 作用域路径、Socket 闭合与同名冲突审计,原文点名,,,opensim,yes,1/1,1.0
cn-all-remaining-1069-72f41678,OpenSim 4.5 SpatialTransform 函数 AST、常量折叠与坐标—轴入射规范化,原文点名,,,opensim,yes,1/1,1.0
cn-all-remaining-1070-479d2021,OpenSim 4.5 左右 Joint 轴—函数联合符号编码、等价表示与不可配对诊断,原文点名,,,opensim,yes,1/1,1.0
cn-all-remaining-1071-45787c57,OpenSim 4.5 CustomJoint 声明轴秩、正交性、条件数与跨记录不变量质检,原文点名,,,opensim,yes,1/1,1.0
cn-all-remaining-1072-2cec4395,OpenSim 4.5 Walker knee MultiplierFunction—Mesh 尺度绑定、节点血缘与往返审计,原文点名,,,opensim,yes,1/1,1.0
cn-all-remaining-1073-45b7eb2d,质量门控下的规则后验诊断、校准评估与不可识别性,原文点名,,,opensim,yes,1/1,1.0
cn-all-remaining-1074-df2cca32,OpenSim 4.5 Coordinate 默认构型—IK 时序 Schema 连接、范围距离与越界污染审计,原文点名,,,opensim,yes,1/1,1.0
cn-all-remaining-1075-1e1d2ced,OpenSim 4.5 MarkerSet—Joint—Coordinate 子树图、静态覆盖与 IK 退化反例审计,原文点名,,,opensim,yes,1/1,1.0
cn-all-remaining-1076-e3d6e3cb,OpenSim 4.5 踝—距下—MTP 多级 Joint q=0 共同 Frame 轴秩与 IK 有效自由度审计,原文点名,,,opensim,yes,1/1,1.0
cn-all-remaining-1077-a0ae7167,全 Joint 限定路径 PhysicalOffsetFrame 的 SE(3) 可组合性、双向逆闭合与浮点稳定性审计,原文点名,,,opensim,yes,1/1,1.0
cn-all-remaining-1078-2bf9349a,Joint offset-frame 平移—Body Mesh 非等方尺度的跨记录归一共识与血缘冲突审计,原文点名,,,opensim,yes,1/1,1.0
cn-all-remaining-1079-e22946dc,Marker location—Body Mesh 非等方尺度的跨记录稳健共识、未匹配项与传播残差审计,原文点名,,,opensim,yes,1/1,1.0
cn-all-remaining-1080-87ad17ed,ContactSphere 冻结签名与 Body Mesh 非等方缩放的逐轴尺度归一长度失配、策略未知与能力边界审计,原文点名,,,opensim,yes,1/1,1.0
cn-all-remaining-1081-37a7114a,ContactSphere—Marker 同 socket Body 局部包络、最近表面间隙与跨 Frame 伪距离拒绝审计,原文点名,,,opensim,yes,1/1,1.0
cn-all-remaining-1082-3f9336e3,MTP PinJoint q=0 双 PhysicalOffsetFrame 组合下 ContactSphere 统一坐标、凸包退化与三维重叠图审计,原文点名,,,opensim,yes,1/1,1.0
cn-all-remaining-1083-6bd2640e,FrameGeometry/Mesh 同名 scale_factors 的父链命名空间、多 Mesh 完整性与宽泛 XPath 错绑定审计,原文点名,,,opensim,yes,1/1,1.0
cn-all-remaining-1084-46158fae,Model gravity—ContactHalfSpace 的版本化 canonical -X 法向、XYZ body-fixed 姿态与反重力一致性审计,原文点名,,,opensim,yes,1/1,1.0
cn-all-remaining-1085-8cf162ff,OSIM→Body→Mesh→VTP 外部资产的隔离路径解析、哈希血缘、大小写冲突与双维模型准入审计,原文点名,,,opensim,yes,1/1,1.0
cn-all-remaining-1086-04418dc6,ExternalLoads—BodySet—STO 表头的严格后缀双射、侧别拓扑与绝对 datafile 脱敏绑定审计,原文点名,,,opensim,yes,1/1,1.0
cn-all-remaining-1092-7a4f421f,NRC 2024 年 5 月核电机组事件通知、监管时限与运行状态联动审计,原文点名,,,ecfr,yes,1/1,1.0
cn-all-remaining-1093-6cb23e67,构建 Python tzdata 2026.2 至 2026.3 TZif 迁移与供应链审计产品,原文点名,,,pypi,yes,1/1,1.0
cn-all-remaining-1095-9bcec495,USITC 2025 汽车 Section 232 两阶段关税变更控制审计,原文点名,,,federal register,yes,1/1,1.0
cn-all-remaining-1112-88167b19,AME2016—AME2020 Ca/Ni/Sn 核质量系统学重建、壳隙复核与版本更新审计,原文点名,,,iaea,yes,1/1,1.0
cn-all-remaining-1126-ac0908b4,北加州 Cloverdale M4.24 事件后目录流水线方法缺陷审计、完备震级复算与发布门槛核验,原文点名,,,usgs earthquake hazards program,yes,1/1,1.0
cn-all-remaining-1145-c17d3877,UN Comtrade HS 2017→2022 商品分类迁移与贸易序列连续性审计,原文点名,,,un comtrade,yes,1/1,1.0
cn-all-remaining-1146-6532ab9d,NASA–ESA 系外行星星历、宿主星天体测量与多系统观测就绪审计,原文点名,,,nasa,yes,1/1,1.0
cn-all-remaining-1147-7c690611,构建 O*NET 注册学徒制职业阶梯、技能连续性和 OOH 终点对账产品,原文点名,,,o*net,yes,1/1,1.0
cn-all-remaining-1148-ddabd7cf,NYC MapPLUTO–建筑轮廓–DOB 占用证拓扑与谱系审计,原文点名,,,nyc mappluto,yes,1/1,1.0
cn-all-remaining-1149-9529549a,FCC ULS Microwave Path and ASR Compliance Audit,原文点名,,,fcc uls,yes,1/1,1.0
cn-all-remaining-1151-3a37412b,构建 USDA Foundation Foods 分析谱系、营养素统计复核与 SR Legacy 跨版本对账产品,原文点名,,,usda fooddata central,yes,1/1,1.0
cn-all-remaining-1162-11cb0898,USGS–NOAA River Gauge Rating and Flood Audit,原文点名,,,noaa,yes,1/1,1.0
cn-all-remaining-1165-1a802104,构建 CDC NNDSS 2023 第 52 周暂定值与最终年表调和审计,原文点名,,,cdc nndss,yes,1/1,1.0
cn-all-remaining-1166-f86d5a49,构建 DOL 2024 加班薪资门槛撤销与技术修订生命周期审计,原文点名,,,federal register,yes,1/1,1.0
cn-all-remaining-1167-66c3f015,构建 2024 镀锡轧材 Commerce-USITC 贸易救济生命周期审计,原文点名,,,federal register,yes,1/1,1.0
cn-all-remaining-1168-082afeef,构建 GAO FY2020–FY2024 政府采购抗议法定控制审计,原文点名,,,ecfr,yes,1/1,1.0
cn-all-remaining-1170-a70baa13,NOAA IGRA Kapuskasing Sounding Reconciliation Audit,原文点名,,,noaa igra,yes,1/1,1.0
cn-all-remaining-1171-bc798e9b,构建 SPDX 3.21→3.26、OSI 与 Kubernetes v1.31 SBOM 许可迁移门禁,原文点名,,,spdx,yes,1/1,1.0
cn-all-remaining-1173-7c23ef43,构建 NASA DONKI / NOAA SWPC 2024 年 5 月空间天气事件血缘与归因审计,原文点名,,,nasa donki,yes,1/1,1.0
cn-all-remaining-1174-a98c2f1e,构建 NGA / Wikidata 藏品构成者权威、时间与多角色调和审计,原文点名,,,wikidata,yes,1/1,1.0
cn-all-remaining-1175-e6dc03a4,NHTSA Recall Campaign Completion Lifecycle Audit,原文点名,,,nhtsa,yes,1/1,1.0
cn-all-remaining-1182-3a8e8666,NCUA 2024 年信用合作社资本充足与复杂机构分类生命周期审计,原文点名,,,ecfr,yes,1/1,1.0
cn-all-remaining-1185-d7d58067,USFWS 受威胁与濒危物种法定名录及关键栖息地变更核验,原文点名,,,ecos,yes,1/1,1.0
cn-all-remaining-1187-c0c21c44,Zenodo、DataCite 与 Software Heritage 科研软件发布谱系审计,原文点名,,,zenodo,yes,1/1,1.0
cn-all-remaining-1188-be477324,FCC E-Rate 2023 资金年度学校宽带折扣、承诺与拨款生命周期审计,原文点名,,,socrata,yes,1/1,1.0
cn-all-remaining-1190-ee12ce0a,NASA CNEOS 与 ESA NEOCC 近地天体撞击风险联合审计,原文点名,,,nasa,yes,1/1,1.0
cn-all-remaining-1218-8fa644b4,FDA Orange Book application-level patent and exclusivity integrity audit,原文点名,,,fda orange book,yes,1/1,1.0
cn-all-remaining-1219-f163b46b,NHTSA FARS tri-state crash-vehicle-person denominator reconciliation,原文点名,,,nhtsa fars,yes,1/1,1.0
cn-all-remaining-1221-592f6bbe,NHC Hurricane Milton official forecast lead-time verification audit,原文点名,,,atcf,yes,1/1,1.0
cn-all-remaining-1222-8580dbde,NASA CNEOS Sentry to SBDB top-risk identity and orbit audit,原文点名,,,nasa cneos sentry,yes,1/1,1.0
cn-all-remaining-1223-b518ccc7,NOAA IGRA Key West sounding structural and pressure-order audit,原文点名,,,noaa igra,yes,1/1,1.0
cn-all-remaining-1225-9a34fa3d,MTA subway GTFS route-service-stop-shape topology audit,原文点名,,,gtfs,yes,1/1,1.0
cn-all-remaining-1246-c333a712,药品短缺与 NDC 供应谱系审计（FDA 2026）,原文点名,,,openfda,yes,1/1,1.0
cn-all-remaining-1250-4aa7de13,Mozilla NSS 与 Chromium 根证书库信任、约束及跨签名治理审计,原文点名,,,mozilla nss,yes,1/1,1.0
cn-all-remaining-1251-b6824008,PyPI 与 OSV Python 发布物来源、漏洞区间及解析决策审计,原文点名,,,pypi,yes,1/1,1.0
cn-all-remaining-1252-1e0765a9,NCBI SRA 与 ENA 测序研究、样本及运行元数据治理审计,原文点名,,,ncbi sra,yes,1/1,1.0
cn-all-remaining-1254-9691ae4f,加州污水监测人口覆盖与连续性审计（CDC 2025）,原文点名,,,cdc nwss,yes,1/1,1.0
cn-all-remaining-1255-d3f1f3cb,联邦渔业库存状态季度迁移审计（NOAA 2024）,原文点名,,,noaa,yes,1/1,1.0
cn-all-remaining-1256-543f9374,农产品农药残留与 EPA 容许量合规审计（USDA PDP 2023）,原文点名,,,ecfr,yes,1/1,1.0
cn-all-remaining-1257-2f561d5d,伊利诺伊饮用水违规与执法生命周期审计（EPA SDWIS）,原文点名,,,epa sdwis,yes,1/1,1.0
cn-all-remaining-1262-e78cfd80,OSHA 德州电力行业检查、引用标准与罚款闭包审计,原文点名,,,osha imis,yes,1/1,1.0
cn-all-remaining-1264-008f2bdb,PHMSA 管道安全执法案件阶段、引用法规与处罚闭包审计,原文点名,,,ecfr,yes,1/1,1.0
cn-all-remaining-1265-1a7bc99d,FHWA 国家隧道检查合规与年度资产生命周期审计,原文点名,,,ecfr,yes,1/1,1.0
cn-all-remaining-1266-830a170d,DOE 与 Federal Register LNG 深水港申请生命周期及出口流量核验,原文点名,,,federal register,yes,1/1,1.0
cn-all-remaining-1284-b217705c,FlyWire-Hemibrain 连接组数据交叉对齐,原文点名,,,flywire,yes,1/1,1.0
cn-all-remaining-1286-57ed5e7e,SWC 神经元形态重建与多指标量化分析,原文点名,,,neuromorpho.org,yes,1/1,1.0
